Date,Opening_Cash_Balance,Cost_Value_of_Holdings,Market_Value_of_Holdings,Gain_Loss_Unrealised,Buy_Trade_Value,Sell_Trade_Value,Trade_Cash_Flow_Impact,Gain_Loss_Realised_Cumulative,Closing_Cash_Balance,Net_Assets,Rebased_NAV,Unpriced_Symbols,Unpriced_Cost_Basis,MTF_Loan_Balance,Loan_Balance_Source,Financing_Cost_Cum_Advisory,Financing_Cost_Cum_SOF,Closing_Cash_Balance_MTF,Net_Assets_MTF,Rebased_NAV_MTF
2025-09-21,110000.0,1479670.0,1479670.0,0.0,0.0,0.0,0.0,0.0,110000.0,1589670.0,100.0,,0.0,0.0,PRE-MTF(no loan),0.0,0.0,110000.0,1589670.0,100.0
2025-09-22,110000.0,1426333.51,1420737.8,-5595.71,32426.01,83908.03,51482.02,-1854.47,161482.02,1582219.82,99.53,,0.0,0.0,PRE-MTF(no loan),0.0,0.0,161482.02,1582219.82,99.53
2025-09-23,161482.02,1455978.04,1450769.8,-5208.24,29644.54,0.0,-29644.54,-1854.47,131837.48,1582607.28,99.56,,0.0,0.0,PRE-MTF(no loan),0.0,0.0,131837.48,1582607.28,99.56
2025-09-24,131837.48,1455978.04,1436809.65,-19168.39,0.0,0.0,0.0,-1854.47,131837.48,1568647.13,98.68,BUILDPRO,4979.84,0.0,PRE-MTF(no loan),0.0,0.0,131837.48,1568647.13,98.68
2025-09-25,131837.48,1455978.04,1427181.1,-28796.94,0.0,0.0,0.0,-1854.47,131837.48,1559018.58,98.07,BUILDPRO,4979.84,0.0,PRE-MTF(no loan),0.0,0.0,131837.48,1559018.58,98.07
2025-09-26,131837.48,1120775.04,1082283.1,-38491.94,0.0,313978.74,313978.74,-23078.74,445816.22,1528099.32,96.13,BUILDPRO,4979.84,0.0,PRE-MTF(no loan),0.0,0.0,445816.22,1528099.32,96.13
2025-09-29,445816.22,1127260.14,1100280.15,-26979.99,57093.1,45465.12,-11627.98,-28221.62,434188.24,1534468.39,96.53,BUILDPRO,4979.84,0.0,PRE-MTF(no loan),0.0,0.0,434188.24,1534468.39,96.53
2025-09-30,434188.24,1097715.93,1066163.4,-31552.53,45621.92,75312.38,29690.46,-28075.37,463878.7,1530042.1,96.25,BUILDPRO,4979.84,0.0,PRE-MTF(no loan),0.0,0.0,463878.7,1530042.1,96.25
2025-10-01,463878.7,1097715.93,1083508.04,-14207.89,0.0,0.0,0.0,-28075.37,463878.7,1547386.74,97.34,BUILDPRO,4979.84,0.0,PRE-MTF(no loan),0.0,0.0,463878.7,1547386.74,97.34
2025-10-03,463878.7,1157362.7,1150185.45,-7177.25,79310.77,27897.91,-51412.86,-19841.46,412465.84,1562651.29,98.3,BUILDPRO,4979.84,0.0,PRE-MTF(no loan),0.0,0.0,412465.84,1562651.29,98.3
2025-10-06,412465.84,1193714.28,1192674.32,-1039.96,107507.69,67574.64,-39933.05,-23422.92,372532.79,1565207.11,98.46,BUILDPRO,4979.84,0.0,PRE-MTF(no loan),0.0,0.0,372532.79,1565207.11,98.46
2025-10-07,372532.79,1258236.08,1262676.41,4440.33,64521.8,0.0,-64521.8,-23422.92,308010.99,1570687.4,98.81,BUILDPRO,4979.84,0.0,PRE-MTF(no loan),0.0,0.0,308010.99,1570687.4,98.81
2025-10-08,308010.99,1291968.19,1289861.14,-2107.05,80866.11,50727.93,-30138.18,-19828.99,277872.81,1567733.95,98.62,BUILDPRO,4979.84,0.0,PRE-MTF(no loan),0.0,0.0,277872.81,1567733.95,98.62
2025-10-09,277872.81,1319289.22,1322880.82,3591.6,49841.89,29288.94,-20552.95,-13060.92,257319.86,1580200.68,99.4,BUILDPRO,4979.84,0.0,PRE-MTF(no loan),0.0,0.0,257319.86,1580200.68,99.4
2025-10-10,257319.86,1346398.0,1338300.59,-8097.41,61490.51,42014.27,-19476.24,-5428.38,237843.62,1576144.21,99.15,BUILDPRO,4979.84,0.0,PRE-MTF(no loan),0.0,0.0,237843.62,1576144.21,99.15
2025-10-13,237843.62,1325454.58,1313078.44,-12376.14,0.0,20893.93,20893.93,-5477.87,258737.55,1571815.99,98.88,BUILDPRO,4979.84,0.0,PRE-MTF(no loan),0.0,0.0,258737.55,1571815.99,98.88
2025-10-14,258737.55,1261349.05,1233975.89,-27373.16,0.0,61139.26,61139.26,-8444.14,319876.81,1553852.7,97.75,BUILDPRO,4979.84,0.0,PRE-MTF(no loan),0.0,0.0,319876.81,1553852.7,97.75
2025-10-15,319876.81,1275249.98,1265741.23,-9508.75,13900.93,0.0,-13900.93,-8444.14,305975.88,1571717.11,98.87,BUILDPRO,4979.84,0.0,PRE-MTF(no loan),0.0,0.0,305975.88,1571717.11,98.87
2025-10-16,305975.88,1280739.45,1276698.76,-4040.69,74115.99,62559.23,-11556.76,-14511.43,294419.12,1571117.88,98.83,BUILDPRO,4979.84,0.0,PRE-MTF(no loan),0.0,0.0,294419.12,1571117.88,98.83
2025-10-17,294419.12,1275478.09,1268426.38,-7051.71,8639.56,14132.34,5492.78,-14280.02,299911.9,1568338.28,98.66,BUILDPRO,4979.84,0.0,PRE-MTF(no loan),0.0,0.0,299911.9,1568338.28,98.66
2025-10-20,299911.9,1275478.09,1275133.69,-344.4,0.0,0.0,0.0,-14280.02,299911.9,1575045.59,99.08,BUILDPRO,4979.84,0.0,PRE-MTF(no loan),0.0,0.0,299911.9,1575045.59,99.08
2025-10-21,299911.9,1275478.09,1290567.44,15089.35,0.0,0.0,0.0,-14280.02,299911.9,1590479.34,100.05,BUILDPRO,4979.84,0.0,PRE-MTF(no loan),0.0,0.0,299911.9,1590479.34,100.05
2025-10-23,299911.9,1357343.02,1347808.02,-9535.0,81864.93,0.0,-81864.93,-14280.02,218046.97,1565854.98,98.5,BUILDPRO,4979.84,0.0,PRE-MTF(no loan),0.0,0.0,218046.97,1565854.99,98.5
2025-10-24,218046.97,1293739.97,1283975.2,-9764.77,57861.13,109801.54,51940.41,-25942.66,269987.38,1553962.58,97.75,BUILDPRO,4979.84,0.0,PRE-MTF(no loan),0.0,0.0,269987.38,1553962.58,97.75
2025-10-27,269987.38,1266450.1,1262700.25,-3749.85,0.0,24017.64,24017.64,-29214.88,294005.01,1556705.26,97.93,BUILDPRO,4979.84,0.0,PRE-MTF(no loan),0.0,0.0,294005.01,1556705.26,97.93
2025-10-28,294005.01,1302308.84,1298750.2,-3558.64,71994.13,37846.61,-34147.52,-27503.67,259857.49,1558607.69,98.05,BUILDPRO,4979.84,0.0,PRE-MTF(no loan),0.0,0.0,259857.49,1558607.69,98.05
2025-10-29,259857.49,1379431.49,1380777.3,1345.81,77122.65,0.0,-77122.65,-27503.67,182734.84,1563512.14,98.35,BUILDPRO,4979.84,0.0,PRE-MTF(no loan),0.0,0.0,182734.84,1563512.14,98.35
2025-10-30,182734.84,1439739.45,1434030.9,-5708.55,60307.96,0.0,-60307.96,-27503.67,122426.89,1556457.79,97.91,BUILDPRO,4979.84,0.0,PRE-MTF(no loan),0.0,0.0,122426.89,1556457.79,97.91
2025-10-31,122426.89,1426456.25,1419645.35,-6810.9,0.0,17812.99,17812.99,-22973.87,140239.88,1559885.23,98.13,BUILDPRO,4979.84,0.0,PRE-MTF(no loan),0.0,0.0,140239.88,1559885.23,98.13
2025-11-03,140239.88,1396496.78,1410310.4,13813.62,71643.14,91928.58,20285.44,-32647.89,160525.32,1570835.72,98.82,BUILDPRO,4979.84,0.0,PRE-MTF(no loan),0.0,0.0,160525.32,1570835.72,98.82
2025-11-04,160525.32,1334066.54,1340342.95,6276.41,13472.06,72639.6,59167.55,-35910.59,219692.87,1560035.82,98.14,BUILDPRO,4979.84,0.0,PRE-MTF(no loan),0.0,0.0,219692.87,1560035.82,98.14
2025-11-06,219692.87,1168914.88,1162484.75,-6430.13,38936.8,186545.55,147608.74,-53453.51,367301.62,1529786.37,96.23,BUILDPRO,4979.84,0.0,PRE-MTF(no loan),0.0,0.0,367301.62,1529786.37,96.23
2025-11-07,367301.62,1206729.02,1208211.7,1482.68,69101.7,29799.36,-39302.33,-54941.7,327999.28,1536210.98,96.64,BUILDPRO,4979.84,0.0,PRE-MTF(no loan),0.0,0.0,327999.28,1536210.98,96.64
2025-11-10,327999.28,1160029.77,1165764.65,5734.88,16372.45,59395.66,43023.22,-58617.74,371022.5,1536787.15,96.67,BUILDPRO,4979.84,0.0,PRE-MTF(no loan),0.0,0.0,371022.5,1536787.15,96.67
2025-11-11,371022.5,1160029.77,1164058.4,4028.63,0.0,0.0,0.0,-58617.74,371022.5,1535080.9,96.57,BUILDPRO,4979.84,0.0,PRE-MTF(no loan),0.0,0.0,371022.5,1535080.9,96.57
2025-11-12,371022.5,1160029.77,1176911.95,16882.18,0.0,0.0,0.0,-58617.74,371022.5,1547934.45,97.37,BUILDPRO,4979.84,0.0,PRE-MTF(no loan),0.0,0.0,371022.5,1547934.45,97.37
2025-11-13,371022.5,1184867.67,1195908.0,11040.33,24837.91,0.0,-24837.91,-58617.74,346184.59,1542092.59,97.01,BUILDPRO,4979.84,0.0,PRE-MTF(no loan),0.0,0.0,346184.59,1542092.59,97.01
2025-11-14,346184.59,1131183.68,1140126.45,8942.77,0.0,61226.94,61226.94,-51074.79,407411.53,1547537.98,97.35,BUILDPRO,4979.84,0.0,PRE-MTF(no loan),0.0,0.0,407411.53,1547537.98,97.35
2025-11-17,407411.53,1157919.4,1171452.55,13533.15,39947.71,12583.01,-27364.7,-51703.78,380046.82,1551499.37,97.6,BUILDPRO,4979.84,0.0,PRE-MTF(no loan),0.0,0.0,380046.82,1551499.37,97.6
2025-11-18,380046.82,1113514.35,1126369.55,12855.2,62587.56,94224.16,31636.6,-64472.23,411683.42,1538052.97,96.75,BUILDPRO,4979.84,0.0,PRE-MTF(no loan),0.0,0.0,411683.42,1538052.97,96.75
2025-11-19,411683.42,939142.43,942282.4,3139.97,0.0,176724.0,176724.0,-62120.16,588407.42,1530689.82,96.29,BUILDPRO,4979.84,0.0,PRE-MTF(no loan),0.0,0.0,588407.42,1530689.82,96.29
2025-11-20,588407.42,974883.43,978562.1,3678.67,54485.87,15786.72,-38699.16,-65078.31,549708.26,1528270.36,96.14,BUILDPRO,4979.84,0.0,PRE-MTF(no loan),0.0,0.0,549708.26,1528270.36,96.14
2025-11-21,549708.26,1019231.44,1008399.15,-10832.29,66099.13,19117.64,-46981.49,-67711.78,502726.78,1511125.93,95.06,BUILDPRO,4979.84,0.0,PRE-MTF(no loan),0.0,0.0,502726.78,1511125.93,95.06
2025-11-24,502726.78,967826.12,958531.4,-9294.72,0.0,44482.14,44482.14,-74634.97,547208.91,1505740.31,94.72,BUILDPRO,4979.84,0.0,PRE-MTF(no loan),0.0,0.0,547208.91,1505740.31,94.72
2025-11-25,547208.91,965053.92,963639.05,-1414.87,29830.48,29245.67,-584.81,-77991.98,546624.1,1510263.15,95.0,BUILDPRO,4979.84,0.0,PRE-MTF(no loan),0.0,0.0,546624.1,1510263.15,95.0
2025-11-26,546624.1,965053.92,972087.65,7033.73,0.0,0.0,0.0,-77991.98,546624.1,1518711.75,95.54,BUILDPRO,4979.84,0.0,PRE-MTF(no loan),0.0,0.0,546624.1,1518711.75,95.54
2025-11-27,546624.1,894570.33,904165.75,9595.42,0.0,70378.01,70378.01,-78097.56,617002.12,1521167.87,95.69,BUILDPRO,4979.84,0.0,PRE-MTF(no loan),0.0,0.0,617002.12,1521167.87,95.69
2025-11-28,617002.12,896787.72,910598.65,13810.93,25511.39,21110.59,-4400.8,-80280.97,612601.32,1523199.97,95.82,BUILDPRO,4979.84,0.0,PRE-MTF(no loan),0.0,0.0,612601.32,1523199.97,95.82
2025-12-01,612601.32,896787.72,913658.1,16870.38,0.0,0.0,0.0,-80280.97,612601.32,1526259.42,96.01,BUILDPRO,4979.84,0.0,PRE-MTF(no loan),0.0,0.0,612601.32,1526259.42,96.01
2025-12-02,612601.32,847469.77,852549.95,5080.18,0.0,50920.54,50920.54,-78678.37,663521.86,1516071.81,95.37,BUILDPRO,4979.84,0.0,PRE-MTF(no loan),0.0,0.0,663521.86,1516071.81,95.37
2025-12-03,663521.86,860043.6,858187.3,-1856.3,12573.84,0.0,-12573.84,-78678.37,650948.02,1509135.32,94.93,BUILDPRO,4979.84,0.0,PRE-MTF(no loan),0.0,0.0,650948.02,1509135.32,94.93
2025-12-04,650948.02,875893.43,870925.1,-4968.33,41106.83,19987.72,-21119.12,-83947.66,629828.91,1500754.01,94.41,BUILDPRO,4979.84,0.0,PRE-MTF(no loan),0.0,0.0,629828.91,1500754.01,94.41
2025-12-05,629828.91,827660.9,824005.45,-3655.45,0.0,45722.95,45722.95,-86457.24,675551.86,1499557.31,94.33,BUILDPRO,4979.84,0.0,PRE-MTF(no loan),0.0,0.0,675551.86,1499557.31,94.33
2025-12-08,675551.86,765466.64,756805.95,-8660.69,8972.69,61655.77,52683.08,-95968.43,728234.93,1485040.88,93.42,BUILDPRO,4979.84,0.0,PRE-MTF(no loan),0.0,0.0,728234.93,1485040.88,93.42
2025-12-09,728234.93,627584.49,635012.45,7427.96,0.0,127112.54,127112.54,-106738.03,855347.48,1490359.93,93.75,BUILDPRO,4979.84,0.0,PRE-MTF(no loan),0.0,0.0,855347.48,1490359.93,93.75
2025-12-10,855347.48,677217.61,682930.3,5712.69,49633.12,0.0,-49633.12,-106738.03,805714.36,1488644.66,93.64,BUILDPRO,4979.84,0.0,PRE-MTF(no loan),0.0,0.0,805714.36,1488644.66,93.64
2025-12-11,805714.36,687269.27,695952.15,8682.88,10051.66,0.0,-10051.66,-106738.03,795662.7,1491614.85,93.83,BUILDPRO,4979.84,0.0,PRE-MTF(no loan),0.0,0.0,795662.7,1491614.85,93.83
2025-12-12,795662.7,743721.44,763062.3,19340.86,56452.18,0.0,-56452.18,-106738.03,739210.52,1502272.82,94.5,BUILDPRO,4979.84,0.0,PRE-MTF(no loan),0.0,0.0,739210.52,1502272.82,94.5
2025-12-15,739210.52,743721.44,767826.05,24104.61,0.0,0.0,0.0,-106738.03,739210.52,1507036.57,94.8,BUILDPRO,4979.84,0.0,PRE-MTF(no loan),0.0,0.0,739210.52,1507036.57,94.8
2025-12-16,739210.52,743721.44,759236.8,15515.36,0.0,0.0,0.0,-106738.03,739210.52,1498447.32,94.26,BUILDPRO,4979.84,0.0,PRE-MTF(no loan),0.0,0.0,739210.52,1498447.32,94.26
2025-12-17,739210.52,728591.51,740843.05,12251.54,0.0,16348.26,16348.26,-105519.71,755558.78,1496401.83,94.13,BUILDPRO,4979.84,0.0,PRE-MTF(no loan),0.0,0.0,755558.78,1496401.83,94.13
2025-12-18,755558.78,788366.02,802255.6,13889.58,59774.51,0.0,-59774.51,-105519.71,695784.27,1498039.87,94.24,BUILDPRO,4979.84,0.0,PRE-MTF(no loan),0.0,0.0,695784.27,1498039.87,94.24
2025-12-19,695784.27,794861.43,815198.95,20337.52,49583.52,48265.58,-1317.94,-100342.24,694466.33,1509665.28,94.97,BUILDPRO,4979.84,0.0,PRE-MTF(no loan),0.0,0.0,694466.33,1509665.28,94.97
2025-12-22,694466.33,875353.64,903235.65,27882.01,98157.51,20782.71,-77374.8,-97224.83,617091.53,1520327.18,95.64,BUILDPRO,4979.84,0.0,PRE-MTF(no loan),0.0,0.0,617091.53,1520327.18,95.64
2025-12-23,617091.53,989900.42,1022693.9,32793.48,114546.78,0.0,-114546.78,-97224.83,502544.75,1525238.65,95.95,BUILDPRO,4979.84,0.0,PRE-MTF(no loan),0.0,0.0,502544.75,1525238.65,95.95
2025-12-24,502544.75,1126825.42,1164434.9,37609.48,144844.53,10882.59,-133961.94,-94261.77,368582.81,1533017.71,96.44,BUILDPRO,4979.84,0.0,PRE-MTF(no loan),0.0,0.0,368582.81,1533017.71,96.44
2025-12-26,368582.81,1175552.78,1218839.25,43286.47,79250.09,27345.74,-51904.35,-97438.75,316678.47,1535517.72,96.59,BUILDPRO,4979.84,0.0,PRE-MTF(no loan),0.0,0.0,316678.47,1535517.72,96.59
2025-12-29,316678.47,1168061.31,1186600.45,18539.14,121836.51,152864.37,31027.86,-73902.36,347706.32,1534306.77,96.52,BUILDPRO,4979.84,0.0,PRE-MTF(no loan),0.0,0.0,347706.32,1534306.77,96.52
2025-12-30,347706.32,1263998.4,1297086.7,33088.3,95937.09,0.0,-95937.09,-73902.36,251769.24,1548855.94,97.43,BUILDPRO,4979.84,0.0,PRE-MTF(no loan),0.0,0.0,251769.24,1548855.94,97.43
2025-12-31,251769.24,1263998.4,1298075.75,34077.35,0.0,0.0,0.0,-73902.36,251769.24,1549844.99,97.49,BUILDPRO,4979.84,0.0,PRE-MTF(no loan),0.0,0.0,251769.24,1549844.99,97.49
2026-01-01,251769.24,1354825.52,1389420.15,34594.63,127879.6,33569.83,-94309.76,-77385.0,157459.48,1546879.63,97.31,BUILDPRO,4979.84,0.0,PRE-MTF(no loan),0.0,0.0,157459.48,1546879.63,97.31
2026-01-02,157459.48,1407780.77,1467233.55,59452.78,85070.78,27079.68,-57991.1,-82420.86,99468.38,1566701.93,98.56,BUILDPRO,4979.84,0.0,PRE-MTF(no loan),0.0,0.0,99468.38,1566701.93,98.56
2026-01-05,99468.38,1344172.28,1398471.1,54298.82,7319.62,68007.48,60687.86,-85341.48,160156.23,1558627.33,98.05,BUILDPRO,4979.84,0.0,PRE-MTF(no loan),0.0,0.0,160156.23,1558627.33,98.05
2026-01-06,160156.23,1313769.03,1363855.0,50085.97,43010.95,78671.96,35661.01,-80083.73,195817.24,1559672.24,98.11,BUILDPRO,4979.84,0.0,PRE-MTF(no loan),0.0,0.0,195817.24,1559672.24,98.11
2026-01-07,195817.24,1384314.7,1435575.3,51260.6,79245.65,9023.28,-70222.36,-79760.42,125594.88,1561170.18,98.21,BUILDPRO,4979.84,0.0,PRE-MTF(no loan),0.0,0.0,125594.88,1561170.18,98.21
2026-01-08,125594.88,1344748.11,1361076.8,16328.69,22257.88,62785.62,40527.73,-78799.27,166122.61,1527199.41,96.07,BUILDPRO,4979.84,0.0,PRE-MTF(no loan),0.0,0.0,166122.61,1527199.41,96.07
2026-01-09,166122.61,1265273.4,1262732.3,-2541.1,0.0,79980.07,79980.07,-78293.92,246102.68,1508834.98,94.91,BUILDPRO,4979.84,0.0,PRE-MTF(no loan),0.0,0.0,246102.68,1508834.98,94.91
2026-01-12,246102.68,1177439.13,1180705.95,3266.82,0.0,84694.73,84694.73,-81433.46,330797.41,1511503.36,95.08,BUILDPRO,4979.84,0.0,PRE-MTF(no loan),0.0,0.0,330797.41,1511503.36,95.08
2026-01-13,330797.41,1175470.5,1179920.3,4449.8,17080.64,20980.1,3899.46,-79502.63,334696.88,1514617.18,95.28,BUILDPRO,4979.84,0.0,PRE-MTF(no loan),0.0,0.0,334696.88,1514617.18,95.28
2026-01-14,334696.88,1168189.42,1182168.55,13979.13,15310.47,26811.1,11500.62,-75283.08,346197.5,1528366.05,96.14,BUILDPRO,4979.84,0.0,PRE-MTF(no loan),0.0,0.0,346197.5,1528366.05,96.14
2026-01-16,346197.5,1245585.24,1260030.25,14445.01,141847.0,61038.71,-80808.29,-78695.55,265389.21,1525419.46,95.96,BUILDPRO,4979.84,0.0,PRE-MTF(no loan),0.0,0.0,265389.21,1525419.46,95.96
2026-01-19,265389.21,1109730.53,1126092.3,16361.77,0.0,126361.44,126361.44,-88188.82,391750.65,1517842.95,95.48,BUILDPRO,4979.84,0.0,PRE-MTF(no loan),0.0,0.0,391750.65,1517842.95,95.48
2026-01-20,391750.65,869811.28,866619.85,-3191.43,22080.07,257520.5,235440.43,-92667.64,627191.08,1493810.93,93.97,BUILDPRO,4979.84,0.0,PRE-MTF(no loan),0.0,0.0,627191.08,1493810.93,93.97
2026-01-21,627191.08,767705.94,770986.55,3280.61,0.0,95381.2,95381.2,-99391.77,722572.28,1493558.83,93.95,BUILDPRO,4979.84,0.0,PRE-MTF(no loan),0.0,0.0,722572.28,1493558.83,93.95
2026-01-22,722572.28,781714.53,784095.05,2380.52,14008.58,0.0,-14008.58,-99391.77,708563.7,1492658.75,93.9,BUILDPRO,4979.84,0.0,PRE-MTF(no loan),0.0,0.0,708563.7,1492658.75,93.9
2026-01-23,708563.7,732515.87,728458.7,-4057.17,0.0,50532.8,50532.8,-98057.63,759096.5,1487555.2,93.58,BUILDPRO,4979.84,0.0,PRE-MTF(no loan),0.0,0.0,759096.5,1487555.2,93.58
2026-01-27,759096.5,717681.23,718196.35,515.12,11250.7,32720.72,21470.03,-91422.25,780566.52,1498762.87,94.28,BUILDPRO,4979.84,0.0,PRE-MTF(no loan),0.0,0.0,780566.52,1498762.87,94.28
2026-01-28,780566.52,750615.17,764171.8,13556.63,43973.97,12415.82,-31558.16,-90046.46,749008.37,1513180.17,95.19,BUILDPRO,4979.84,0.0,PRE-MTF(no loan),0.0,0.0,749008.37,1513180.17,95.19
2026-01-29,749008.37,703747.34,725254.35,21507.01,25606.63,72885.92,47279.29,-89635.01,796287.65,1521542.0,95.71,BUILDPRO,4979.84,0.0,PRE-MTF(no loan),0.0,0.0,796287.65,1521542.0,95.71
2026-01-30,796287.65,694760.6,691089.5,-3671.1,38494.78,52920.08,14425.3,-84196.45,810712.95,1501802.45,94.47,BUILDPRO,4979.84,0.0,PRE-MTF(no loan),0.0,0.0,810712.95,1501802.45,94.47
2026-02-02,810712.95,644095.73,636252.9,-7842.83,155987.61,192020.01,36032.4,-98828.91,846745.36,1482998.26,93.29,BUILDPRO,4979.84,0.0,PRE-MTF(no loan),0.0,0.0,846745.36,1482998.26,93.29
2026-02-03,846745.36,719363.29,715977.85,-3385.44,75267.56,0.0,-75267.56,-98828.91,771477.79,1487455.64,93.57,BUILDPRO;DECGOL,18552.22,0.0,PRE-MTF(no loan),0.0,0.0,771477.79,1487455.64,93.57
2026-02-04,771477.79,752718.92,755474.65,2755.73,73432.0,42644.06,-30787.95,-96261.24,740689.85,1496164.5,94.12,BUILDPRO;DECGOL,18552.22,0.0,PRE-MTF(no loan),0.0,0.0,740689.85,1496164.5,94.12
2026-02-05,740689.85,784821.08,779996.25,-4824.83,32102.17,0.0,-32102.17,-96261.24,708587.68,1488583.93,93.64,BUILDPRO;DECGOL,18552.22,0.0,PRE-MTF(no loan),0.0,0.0,708587.68,1488583.93,93.64
2026-02-06,708587.68,758100.44,748484.3,-9616.14,46402.4,75645.52,29243.12,-93738.76,737830.8,1486315.1,93.5,BUILDPRO;DECGOL,18552.22,0.0,PRE-MTF(no loan),0.0,0.0,737830.8,1486315.1,93.5
2026-02-09,737830.8,758100.44,764960.95,6860.51,0.0,0.0,0.0,-93738.76,737830.8,1502791.75,94.53,BUILDPRO;DECGOL,18552.22,0.0,PRE-MTF(no loan),0.0,0.0,737830.8,1502791.75,94.53
2026-02-10,737830.8,788523.34,793422.85,4899.51,131186.93,103138.76,-28048.18,-91364.04,709782.62,1503205.47,94.56,BUILDPRO;DECGOL,18552.22,0.0,PRE-MTF(no loan),0.0,0.0,709782.62,1503205.47,94.56
2026-02-11,709782.62,882853.56,890049.65,7196.09,94330.22,0.0,-94330.22,-91364.04,615452.4,1505502.05,94.71,BUILDPRO;DECGOL,18552.22,0.0,PRE-MTF(no loan),0.0,0.0,615452.4,1505502.05,94.71
2026-02-12,615452.4,907442.8,910093.6,2650.8,65159.85,42960.41,-22199.45,-88974.24,593252.95,1503346.55,94.57,BUILDPRO;DECGOL,18552.22,0.0,PRE-MTF(no loan),0.0,0.0,593252.95,1503346.55,94.57
2026-02-13,593252.95,839548.71,825673.95,-13874.76,38078.82,103823.67,65744.86,-91123.48,658997.81,1484671.76,93.39,BUILDPRO;DECGOL,18552.22,0.0,PRE-MTF(no loan),0.0,0.0,658997.81,1484671.76,93.39
2026-02-16,658997.81,821425.06,814267.75,-7157.31,8621.63,25800.29,17178.66,-92068.47,676176.47,1490444.22,93.76,BUILDPRO;DECGOL,18552.22,0.0,PRE-MTF(no loan),0.0,0.0,676176.47,1490444.22,93.76
2026-02-17,676176.47,826082.06,824690.95,-1391.11,60706.21,52466.8,-8239.41,-95650.88,667937.06,1492628.01,93.9,BUILDPRO;DECGOL,18552.22,0.0,PRE-MTF(no loan),0.0,0.0,667937.06,1492628.01,93.9
2026-02-18,667937.06,900889.89,907544.95,6655.06,109422.41,36617.86,-72804.55,-93647.61,595132.51,1502677.46,94.53,BUILDPRO;DECGOL,18552.22,0.0,PRE-MTF(no loan),0.0,0.0,595132.51,1502677.46,94.53
2026-02-19,595132.51,900128.79,890434.65,-9694.14,46141.81,50027.27,3885.46,-90523.24,599017.97,1489452.62,93.7,BUILDPRO;DECGOL,18552.22,0.0,PRE-MTF(no loan),0.0,0.0,599017.97,1489452.62,93.7
2026-02-20,599017.97,900128.79,894289.75,-5839.04,0.0,0.0,0.0,-90523.24,599017.97,1493307.72,93.94,BUILDPRO;DECGOL,18552.22,0.0,PRE-MTF(no loan),0.0,0.0,599017.97,1493307.72,93.94
2026-02-23,599017.97,966566.94,967184.5,617.56,66438.15,0.0,-66438.15,-90523.24,532579.82,1499764.32,94.34,BUILDPRO;DECGOL,18552.22,0.0,PRE-MTF(no loan),0.0,0.0,532579.82,1499764.32,94.34
2026-02-24,532579.82,994484.42,991125.9,-3358.52,38152.66,8716.23,-29436.42,-92042.19,503143.39,1494269.29,94.0,BUILDPRO;DECGOL,18552.22,0.0,PRE-MTF(no loan),0.0,0.0,503143.39,1494269.29,94.0
2026-02-25,503143.39,950336.97,951196.6,859.63,0.0,46092.33,46092.33,-90097.31,549235.72,1500432.32,94.39,BUILDPRO;DECGOL,18552.22,0.0,PRE-MTF(no loan),0.0,0.0,549235.72,1500432.32,94.39
2026-02-26,549235.72,998486.56,1002974.35,4487.79,57534.19,10872.7,-46661.49,-88609.21,502574.23,1505548.58,94.71,BUILDPRO;DECGOL,18552.22,0.0,PRE-MTF(no loan),0.0,0.0,502574.23,1505548.58,94.71
2026-02-27,502574.23,1038456.45,1032497.1,-5959.35,49036.11,8815.59,-40220.52,-88859.84,462353.71,1494850.81,94.04,BUILDPRO;DECGOL,18552.22,0.0,PRE-MTF(no loan),0.0,0.0,462353.71,1494850.81,94.04
2026-03-02,462353.71,1039812.73,1021506.45,-18306.28,18052.83,19122.46,1069.63,-86433.92,463423.34,1484929.79,93.41,BUILDPRO;DECGOL,18552.22,0.0,PRE-MTF(no loan),0.0,0.0,463423.34,1484929.79,93.41
2026-03-04,463423.34,892848.85,869358.25,-23490.6,0.0,129424.59,129424.59,-103973.22,592847.93,1462206.18,91.98,BUILDPRO;DECGOL,18552.22,0.0,PRE-MTF(no loan),0.0,0.0,592847.93,1462206.18,91.98
2026-03-05,592847.93,904446.6,895131.4,-9315.2,11597.75,0.0,-11597.75,-103973.22,581250.19,1476381.59,92.87,BUILDPRO;DECGOL,18552.22,0.0,PRE-MTF(no loan),0.0,0.0,581250.19,1476381.59,92.87
2026-03-06,581250.19,893504.37,883106.05,-10398.32,9816.76,17265.27,7448.51,-107466.93,588698.7,1471804.75,92.59,BUILDPRO;DECGOL,18552.22,0.0,PRE-MTF(no loan),0.0,0.0,588698.7,1471804.75,92.59
2026-03-09,588698.7,907744.43,893558.85,-14185.58,58009.35,38022.58,-19986.76,-113213.63,568711.93,1462270.78,91.99,BUILDPRO,4979.84,0.0,PRE-MTF(no loan),0.0,0.0,568711.93,1462270.78,91.99
2026-03-10,568711.93,901888.23,909725.9,7837.67,32514.9,38758.21,6243.31,-112826.53,574955.24,1484681.14,93.4,BUILDPRO,4979.84,0.0,PRE-MTF(no loan),0.0,0.0,574955.24,1484681.14,93.4
2026-03-11,574955.24,944721.18,944882.7,161.52,42832.96,0.0,-42832.96,-112826.53,532122.29,1477004.99,92.91,BUILDPRO,4979.84,0.0,PRE-MTF(no loan),0.0,0.0,532122.29,1477004.99,92.91
2026-03-12,532122.29,971068.14,970237.6,-830.54,26346.95,0.0,-26346.95,-112826.53,505775.33,1476012.93,92.85,BUILDPRO,4979.84,0.0,PRE-MTF(no loan),0.0,0.0,505775.33,1476012.93,92.85
2026-03-13,505775.33,929345.59,898848.15,-30497.44,0.0,36581.36,36581.36,-117967.72,542356.69,1441204.84,90.66,BUILDPRO,4979.84,0.0,PRE-MTF(no loan),0.0,0.0,542356.69,1441204.84,90.66
2026-03-16,542356.69,844003.65,806286.8,-37716.85,0.0,89937.74,89937.74,-113371.92,632294.44,1438581.24,90.5,BUILDPRO,4979.84,0.0,PRE-MTF(no loan),0.0,0.0,632294.44,1438581.24,90.5
2026-03-17,632294.44,884083.19,860221.45,-23861.74,40079.54,0.0,-40079.54,-113371.92,592214.9,1452436.35,91.37,BUILDPRO,4979.84,0.0,PRE-MTF(no loan),0.0,0.0,592214.9,1452436.35,91.37
2026-03-18,592214.9,884083.19,865574.35,-18508.84,0.0,0.0,0.0,-113371.92,592214.9,1457789.25,91.7,BUILDPRO,4979.84,0.0,PRE-MTF(no loan),0.0,0.0,592214.9,1457789.25,91.7
2026-03-19,592214.9,884083.19,842325.5,-41757.69,0.0,0.0,0.0,-113371.92,592214.9,1434540.4,90.24,BUILDPRO,4979.84,0.0,PRE-MTF(no loan),0.0,0.0,592214.9,1434540.4,90.24
2026-03-20,592214.9,864848.3,840906.65,-23941.65,0.0,18704.82,18704.82,-113901.99,610919.72,1451826.37,91.33,BUILDPRO,4979.84,0.0,PRE-MTF(no loan),0.0,0.0,610919.72,1451826.37,91.33
2026-03-23,610919.72,864848.3,803753.9,-61094.4,0.0,0.0,0.0,-113901.99,610919.72,1414673.62,88.99,BUILDPRO,4979.84,0.0,PRE-MTF(no loan),0.0,0.0,610919.72,1414673.62,88.99
2026-03-24,610919.72,864848.3,822028.35,-42819.95,0.0,0.0,0.0,-113901.99,610919.72,1432948.07,90.14,BUILDPRO,4979.84,0.0,PRE-MTF(no loan),0.0,0.0,610919.72,1432948.07,90.14
2026-03-25,610919.72,864848.3,839651.2,-25197.1,0.0,0.0,0.0,-113901.99,610919.72,1450570.92,91.25,BUILDPRO,4979.84,0.0,PRE-MTF(no loan),0.0,0.0,610919.72,1450570.92,91.25
2026-03-27,610919.72,864848.3,828217.0,-36631.3,0.0,0.0,0.0,-113901.99,610919.72,1439136.72,90.53,BUILDPRO,4979.84,0.0,PRE-MTF(no loan),0.0,0.0,610919.72,1439136.72,90.53
2026-03-30,610919.72,864848.3,811732.2,-53116.1,0.0,0.0,0.0,-113901.99,610919.72,1422651.92,89.49,BUILDPRO,4979.84,0.0,PRE-MTF(no loan),0.0,0.0,610919.72,1422651.92,89.49
2026-04-01,610919.72,775050.94,742999.15,-32051.79,0.0,90984.29,90984.29,-112715.05,701904.01,1444903.16,90.89,BUILDPRO,4979.84,0.0,PRE-MTF(no loan),0.0,0.0,701904.01,1444903.16,90.89
2026-04-02,701904.01,775050.94,746094.45,-28956.49,0.0,0.0,0.0,-112715.05,701904.01,1447998.46,91.09,BUILDPRO,4979.84,0.0,PRE-MTF(no loan),0.0,0.0,701904.01,1447998.46,91.09
2026-04-06,701904.01,775050.94,756110.6,-18940.34,0.0,0.0,0.0,-112715.05,701904.01,1458014.61,91.72,BUILDPRO,4979.84,0.0,PRE-MTF(no loan),0.0,0.0,701904.01,1458014.61,91.72
2026-04-07,701904.01,783074.86,765010.4,-18064.46,8023.91,0.0,-8023.91,-112715.05,693880.09,1458890.49,91.77,BUILDPRO,4979.84,0.0,PRE-MTF(no loan),0.0,0.0,693880.09,1458890.49,91.77
2026-04-08,693880.09,899745.8,901392.15,1646.35,144530.56,27013.57,-117516.99,-113561.1,576363.1,1477755.25,92.96,BUILDPRO,4979.84,0.0,PRE-MTF(no loan),0.0,0.0,576363.1,1477755.25,92.96
2026-04-09,576363.1,995611.81,997357.5,1745.69,121570.56,28955.94,-92614.62,-110309.7,483748.49,1481105.99,93.17,BUILDPRO,4979.84,0.0,PRE-MTF(no loan),0.0,0.0,483748.49,1481105.99,93.17
2026-04-10,483748.49,1151210.06,1165480.0,14269.94,155598.25,0.0,-155598.25,-110309.7,328150.23,1493630.23,93.96,BUILDPRO,4979.84,0.0,PRE-MTF(no loan),0.0,0.0,328150.23,1493630.23,93.96
2026-04-13,328150.23,1239636.43,1257734.7,18098.27,116237.76,31463.49,-84774.27,-106657.6,243375.97,1501110.67,94.43,BUILDPRO,4979.84,0.0,PRE-MTF(no loan),0.0,0.0,243375.97,1501110.67,94.43
2026-04-15,243375.97,1261650.78,1296717.75,35066.97,119968.67,101346.68,-18621.98,-103265.24,224753.98,1521471.73,95.71,BUILDPRO,4979.84,0.0,PRE-MTF(no loan),0.0,0.0,224753.98,1521471.73,95.71
2026-04-16,224753.98,1429039.39,1474745.95,45706.56,200025.83,36657.74,-163368.09,-99244.72,61385.89,1536131.84,96.63,BUILDPRO,4979.84,0.0,PRE-MTF(no loan),0.0,0.0,61385.89,1536131.84,96.63
2026-04-17,61385.89,1396744.23,1449970.0,53225.77,56205.16,99998.81,43793.65,-87746.24,105179.53,1555149.53,97.83,BUILDPRO,4979.84,0.0,PRE-MTF(no loan),0.0,0.0,105179.53,1555149.53,97.83
2026-04-20,105179.53,1336308.28,1380372.8,44064.52,38239.39,104253.18,66013.79,-82168.4,171193.32,1551566.12,97.6,BUILDPRO,4979.84,0.0,PRE-MTF(no loan),0.0,0.0,171193.32,1551566.12,97.6
2026-04-21,171193.32,1371465.64,1416249.6,44783.96,85953.77,55131.68,-30822.09,-77833.13,140371.23,1556620.83,97.92,BUILDPRO,4979.84,0.0,PRE-MTF(no loan),0.0,0.0,140371.23,1556620.83,97.92
2026-04-22,140371.23,1402185.16,1460830.2,58645.04,55423.66,30787.08,-24636.58,-71750.19,115734.65,1576564.85,99.18,BUILDPRO,4979.84,0.0,PRE-MTF(no loan),0.0,0.0,115734.65,1576564.85,99.18
2026-04-23,115734.65,1406102.62,1452162.05,46059.43,85102.78,90160.47,5057.68,-62775.05,120792.33,1572954.38,98.95,BUILDPRO,4979.84,0.0,PRE-MTF(no loan),0.0,0.0,120792.33,1572954.38,98.95
2026-04-24,120792.33,1451661.81,1479244.15,27582.34,62937.37,20158.15,-42779.22,-59995.08,78013.11,1557257.26,97.96,BUILDPRO,4979.84,0.0,PRE-MTF(no loan),0.0,0.0,78013.11,1557257.26,97.96
2026-04-27,78013.11,1584651.91,1633171.7,48519.79,240849.43,113348.77,-127500.66,-54505.64,-49487.55,1583684.15,99.62,BUILDPRO,4979.84,51447.2,PRE-SERIES,13.38,11.48,1959.65,1583672.67,99.62
2026-04-28,-49487.55,1720363.77,1772621.5,52257.73,183703.08,52198.72,-131504.36,-50298.14,-180991.91,1591629.59,100.12,BUILDPRO,4979.84,173594.8,PRE-SERIES,58.51,50.21,-7397.11,1591579.38,100.12
2026-04-29,-180991.91,1849121.41,1907068.05,57946.64,184213.42,58486.71,-125726.71,-47267.2,-306718.61,1600349.44,100.67,BUILDPRO,4979.84,304779.21,PRE-SERIES,137.75,118.21,-1939.4,1600231.23,100.66
2026-04-30,-306718.61,1778088.21,1819337.1,41248.89,0.0,72499.38,72499.38,-45801.02,-234219.24,1585117.86,99.71,BUILDPRO,4979.84,257617.38,PRE-SERIES,204.73,175.69,23398.14,1584942.17,99.7
2026-05-04,-234219.24,1829393.15,1887393.35,58000.2,179927.02,126234.8,-53692.22,-48188.3,-287911.46,1599481.89,100.62,BUILDPRO,4979.84,354289.66,PRE-SERIES,296.85,254.74,66378.2,1599227.15,100.6
2026-05-05,-287911.46,1794589.48,1848455.0,53865.52,105062.38,148367.59,43305.21,-39686.77,-244606.24,1603848.76,100.89,BUILDPRO,4979.84,322794.14,PRE-SERIES,380.78,326.77,78187.9,1603521.99,100.87
2026-05-06,-244606.24,1805589.62,1864318.05,58728.43,103026.42,96516.34,-6510.08,-35196.71,-251116.33,1613201.72,101.48,BUILDPRO,4979.84,294026.97,PRE-SERIES,457.23,392.37,42910.64,1612809.35,101.46
2026-05-07,-251116.33,1859879.22,1927940.9,68061.68,109544.48,63615.69,-45928.79,-26835.89,-297045.11,1630895.79,102.59,BUILDPRO,4979.84,327520.73,PRE-SERIES,542.39,465.45,30475.62,1630430.34,102.56
2026-05-08,-297045.11,1902691.97,1966039.75,63347.78,171419.31,130929.09,-40490.22,-24513.37,-337535.33,1628504.42,102.44,BUILDPRO,4979.84,416406.0,PRE-SERIES,650.66,558.37,78870.67,1627946.05,102.41
2026-05-11,-337535.33,1729993.02,1779777.1,49784.08,159963.6,323356.16,163392.56,-33819.75,-174142.77,1605634.33,101.0,BUILDPRO,4979.84,461408.05,PRE-SERIES,770.63,661.32,287265.28,1604973.01,100.96
2026-05-12,-174142.77,737165.3,733082.45,-4082.85,0.0,998808.67,998808.67,-27838.8,824665.89,1557748.34,97.99,BUILDPRO,4979.84,0.0,PRE-SERIES,770.63,661.32,824665.89,1557087.02,97.95
2026-05-13,824665.89,962049.91,969470.5,7420.59,266013.54,39675.79,-226337.75,-29291.94,598328.15,1567798.65,98.62,BUILDPRO,4979.84,128971.5,PRE-SERIES,804.16,690.09,727299.65,1567108.56,98.58
2026-05-14,598328.15,1106359.19,1120520.1,14160.91,245675.54,103524.98,-142150.56,-27133.22,456177.59,1576697.69,99.18,BUILDPRO,4979.84,302.88,PRE-SERIES,804.24,690.16,456480.47,1576007.53,99.14
2026-05-15,456177.59,1210847.96,1220837.9,9989.94,145668.33,39825.33,-105842.99,-28487.45,350334.59,1571172.49,98.84,BUILDPRO,4979.84,16530.88,PRE-SERIES,808.54,693.85,366865.47,1570478.64,98.79
2026-05-18,350334.59,1011919.46,1017040.25,5120.79,117829.84,303398.0,185568.16,-41847.79,535902.75,1552943.0,97.69,BUILDPRO,4979.84,0.0,PRE-SERIES,808.54,693.85,535902.75,1552249.15,97.65
2026-05-19,535902.75,1291003.7,1294949.7,3946.0,279084.24,0.0,-279084.24,-41847.79,256818.51,1551768.21,97.62,BUILDPRO,4979.84,24017.4,PRE-SERIES,814.78,699.21,280835.91,1551069.0,97.57
2026-05-20,256818.51,1732684.33,1744402.5,11718.17,480408.99,45880.53,-434528.45,-34695.61,-177709.95,1566692.55,98.55,BUILDPRO,4979.84,173707.14,PRE-SERIES,859.94,737.96,-4002.81,1565954.59,98.51
2026-05-21,-177709.95,1951706.14,1957196.45,5490.31,402218.74,192525.76,-209692.98,-25366.78,-387402.93,1569793.52,98.75,BUILDPRO,4979.84,408994.69,PRE-SERIES,966.28,829.22,21591.76,1568964.3,98.7
2026-05-22,-387402.93,2012398.7,2003442.7,-8956.0,152270.0,91087.78,-61182.22,-25856.45,-448585.15,1554857.55,97.81,BUILDPRO,4979.84,475053.59,PRE-SERIES,1089.79,935.21,26468.44,1553922.34,97.75
2026-05-25,-448585.15,2085173.56,2108609.65,23436.09,128427.58,55375.63,-73051.96,-26133.54,-521637.1,1586972.55,99.83,BUILDPRO,4979.84,512507.76,PRE-SERIES,1223.04,1049.56,-9129.34,1585922.99,99.76
2026-05-26,-521637.1,1990967.18,2031699.65,40732.47,121094.43,229438.11,108343.68,-11996.24,-413293.42,1618406.23,101.81,BUILDPRO,4979.84,400041.02,PRE-SERIES,1327.05,1138.81,-13252.4,1617267.42,101.74
2026-05-27,-413293.42,2063131.62,2110543.7,47412.08,231427.44,157058.01,-74369.43,-14201.23,-487662.85,1622880.85,102.09,BUILDPRO,4979.84,396347.83,PRE-SERIES,1430.1,1227.25,-91315.02,1621653.6,102.01
2026-05-29,-487662.85,2141216.32,2164661.7,23445.38,385996.09,319050.18,-66945.9,-3062.44,-554608.76,1610052.94,101.28,BUILDPRO,4979.84,571466.4,SOF-EXACT,1578.68,1354.75,16857.64,1608698.19,101.2
2026-06-01,-554608.76,1859771.19,1853220.3,-6550.89,57590.08,333191.87,275601.79,-8905.78,-279006.97,1574213.33,99.03,BUILDPRO,4979.84,437502.36,INTERPOLATED,1692.43,1452.37,158495.39,1572760.96,98.94
2026-06-02,-279006.97,2003620.76,2040853.8,37233.04,349384.29,193963.21,-155421.08,-20477.29,-434428.05,1606425.75,101.05,BUILDPRO,4979.84,495876.29,INTERPOLATED,1821.36,1563.01,61448.24,1604862.74,100.96
2026-06-03,-434428.05,1745857.6,1760652.0,14794.4,185390.38,457486.35,272095.98,-6144.48,-162332.08,1598319.92,100.54,BUILDPRO,4979.84,247989.17,INTERPOLATED,1885.84,1618.34,85657.09,1596701.58,100.44
2026-06-04,-162332.08,2111600.68,2144465.8,32865.12,402106.33,36072.65,-366033.68,-6435.08,-528365.75,1616100.05,101.66,BUILDPRO,4979.84,463717.27,INTERPOLATED,2006.41,1721.81,-64648.48,1614378.24,101.55
2026-06-05,-528365.75,2260011.99,2275567.15,15555.16,283904.81,141186.62,-142718.2,-741.96,-671083.95,1604483.2,100.93,BUILDPRO,4979.84,578701.49,SOF-EXACT,2156.87,1850.93,-92382.46,1602632.27,100.82
2026-06-08,-671083.95,2147385.25,2126488.95,-20896.3,47041.51,152308.6,105267.09,-8101.6,-565816.86,1560672.09,98.18,BUILDPRO,4979.84,544644.49,INTERPOLATED,2298.48,1972.45,-21172.37,1558699.64,98.05
2026-06-09,-565816.86,2168653.16,2194634.85,25981.69,124112.23,102946.95,-21165.28,-7998.97,-586982.13,1607652.72,101.13,BUILDPRO,4979.84,542816.72,INTERPOLATED,2439.61,2093.56,-44165.41,1605559.16,101.0
2026-06-10,-586982.13,1825631.05,1806516.05,-19115.0,156499.76,505965.29,349465.54,-1555.55,-237516.59,1568999.46,98.7,BUILDPRO,4979.84,276185.9,INTERPOLATED,2511.42,2155.18,38669.31,1566844.28,98.56
2026-06-11,-237516.59,1707161.0,1675015.8,-32145.2,107629.77,219119.53,111489.77,-8535.83,-126026.83,1548988.97,97.44,BUILDPRO,4979.84,197524.69,INTERPOLATED,2562.78,2199.26,71497.86,1546789.71,97.3
2026-06-12,-126026.83,1905023.73,1920196.35,15172.62,248698.38,48751.32,-199947.06,-10620.15,-325973.89,1594222.46,100.29,BUILDPRO,4979.84,408244.89,SOF-EXACT,2668.92,2290.34,82271.0,1591932.12,100.14
2026-06-15,-325973.89,1917619.44,1939382.85,21763.41,53673.31,40034.45,-13638.86,-11663.31,-339612.75,1599770.1,100.64,BUILDPRO,4979.84,440734.59,INTERPOLATED,2783.51,2388.68,101121.84,1597381.42,100.49
2026-06-16,-339612.75,2028844.86,2051808.65,22963.79,195657.28,87753.3,-107903.98,-8341.86,-447516.72,1604291.93,100.92,BUILDPRO,4979.84,512823.73,INTERPOLATED,2916.84,2503.1,65307.01,1601788.83,100.76
2026-06-17,-447516.72,2312922.58,2365122.7,52200.12,471712.95,191609.98,-280102.97,-4367.11,-727619.69,1637503.01,103.01,BUILDPRO,4979.84,714261.25,INTERPOLATED,3102.55,2662.47,-13358.44,1634840.54,102.84
2026-06-18,-727619.69,2329806.84,2364654.9,34848.06,491090.12,502505.16,11415.04,23932.19,-716204.65,1648450.25,103.7,BUILDPRO,4979.84,642693.89,INTERPOLATED,3269.65,2805.86,-73510.76,1645644.39,103.52
2026-06-19,-716204.65,2553184.88,2604139.6,50954.72,416994.86,202218.66,-214776.19,32534.03,-930980.84,1673158.76,105.25,BUILDPRO,4979.84,691505.27,SOF-EXACT,3449.44,2960.15,-239475.57,1670198.61,105.07
2026-06-22,-930980.84,2677342.01,2734209.4,56867.39,522873.53,414129.52,-108744.01,47947.16,-1039724.85,1694484.55,106.59,BUILDPRO,4979.84,644690.25,INTERPOLATED,3617.06,3103.99,-395034.6,1691380.56,106.4
2026-06-23,-1039724.85,2265362.24,2272451.5,7089.26,410893.67,836664.43,425770.75,61738.14,-613954.1,1658497.4,104.33,BUILDPRO,4979.84,473917.83,INTERPOLATED,3740.28,3209.74,-140036.27,1655287.66,104.13
2026-06-24,-613954.1,2521906.01,2521371.85,-534.16,444900.68,183295.56,-261605.12,56676.8,-875559.21,1645812.64,103.53,BUILDPRO,4979.84,578262.98,INTERPOLATED,3890.63,3338.76,-297296.23,1642473.88,103.32
2026-06-25,-875559.21,2331757.13,2318101.2,-13655.93,269262.41,455405.96,186143.56,52671.47,-689415.66,1628685.54,102.45,BUILDPRO,4979.84,540857.7,SOF-EXACT,4031.25,3459.43,-148557.96,1625226.11,102.24
2026-06-29,-689415.66,2638623.62,2654374.27,15750.65,738345.58,421628.79,-316716.79,42821.17,-1006132.45,1648241.82,103.68,BUILDPRO,4979.84,643261.45,INTERPOLATED,4198.5,3602.96,-362871.0,1644638.86,103.46
2026-06-30,-1006132.45,2727462.54,2766747.27,39284.73,257280.94,160229.38,-97051.56,34608.53,-1103184.01,1663563.26,104.65,BUILDPRO,4979.84,724597.04,INTERPOLATED,4386.9,3764.64,-378586.97,1659798.62,104.41
2026-07-01,-1103184.01,2709430.42,2740930.49,31500.07,158515.37,170241.21,11725.84,28302.25,-1091458.17,1649472.32,103.76,BUILDPRO,4979.84,677665.35,INTERPOLATED,4563.09,3915.83,-413792.82,1645556.49,103.52
2026-07-02,-1091458.17,2683124.47,2710120.92,26996.45,190502.01,226262.66,35760.65,37756.95,-1055697.52,1654423.4,104.07,BUILDPRO,4979.84,667483.46,INTERPOLATED,4736.64,4064.77,-388214.06,1650358.63,103.82
2026-07-03,-1055697.52,2573185.43,2590554.9,17369.47,150834.05,253122.64,102288.59,30106.5,-953408.93,1637145.97,102.99,BUILDPRO,4979.84,618861.69,SOF-EXACT,4897.54,4202.84,-334547.24,1632943.13,102.72
2026-07-06,-953408.93,2617568.86,2632537.3,14968.44,236233.7,187267.54,-48966.15,25523.77,-1002375.09,1630162.21,102.55,BUILDPRO,4979.84,618861.69,PROVISIONAL(Jul-03 proxy),5058.44,4340.92,-383513.4,1625821.29,102.27
2026-07-07,-1002375.09,2111289.49,2106323.25,-4966.24,85432.8,590840.05,505407.24,24651.64,-496967.84,1609355.41,101.24,BUILDPRO,4979.84,618861.69,PROVISIONAL(Jul-03 proxy),5219.34,4479.0,121893.85,1604876.41,100.96
2026-07-08,-496967.84,1741709.46,1704523.65,-37185.81,268184.06,638604.23,370420.16,25491.78,-126547.68,1577975.97,99.26,BUILDPRO,4979.84,618861.69,PROVISIONAL(Jul-03 proxy),5380.24,4617.07,492314.01,1573358.9,98.97
2026-07-09,-126547.68,1905067.98,1906915.55,1847.57,258354.99,90298.01,-168056.98,20793.32,-294604.66,1612310.89,101.42,BUILDPRO,4979.84,618861.69,PROVISIONAL(Jul-03 proxy),5541.14,4755.15,324257.03,1607555.74,101.13
2026-07-10,-294604.66,2142741.59,2174030.15,31288.56,262062.47,26598.35,-235464.13,23002.8,-530068.79,1643961.36,103.42,BUILDPRO,4979.84,618861.69,PROVISIONAL(Jul-03 proxy),5702.04,4893.23,88792.9,1639068.13,103.11
2026-07-13,-530068.79,2261878.69,2302281.7,40403.01,142554.36,25924.29,-116630.07,25509.83,-646698.86,1655582.84,104.15,BUILDPRO,4979.84,618861.69,CARRY-FORWARD(unverified),5862.94,5031.3,-27837.17,1650551.54,103.83
2026-07-14,-646698.86,2343204.91,2354725.35,11520.44,208973.03,130788.64,-78184.4,28651.66,-724883.26,1629842.09,102.53,BUILDPRO,4979.84,618861.69,CARRY-FORWARD(unverified),6023.84,5169.38,-106021.57,1624672.71,102.2
2026-07-15,-724883.26,2357405.13,2367528.05,10122.92,213965.36,204926.36,-9039.0,33812.87,-733922.26,1633605.79,102.76,BUILDPRO,4979.84,618861.69,CARRY-FORWARD(unverified),6184.74,5307.46,-115060.57,1628298.33,102.43
2026-07-16,-733922.26,2476104.34,2477414.8,1310.46,197231.57,86074.46,-111157.11,41354.97,-845079.37,1632335.43,102.68,BUILDPRO,4979.84,618861.69,CARRY-FORWARD(unverified),6345.64,5445.54,-226217.68,1626889.89,102.34
2026-07-17,-845079.37,1556783.24,1537446.55,-19336.69,76795.31,976497.37,899702.06,21735.93,54622.69,1592069.24,100.15,BUILDPRO,4979.84,618861.69,CARRY-FORWARD(unverified),6506.54,5583.61,673484.38,1586485.63,99.8
2026-07-20,54622.69,1657019.42,1652350.9,-4668.52,100236.18,0.0,-100236.18,21735.93,-45613.49,1606737.41,101.07,BUILDPRO,4979.84,618861.69,CARRY-FORWARD(unverified),6667.44,5721.69,573248.2,1601015.72,100.71
2026-07-21,-45613.49,1657019.42,1665878.5,8859.08,0.0,0.0,0.0,21735.93,-45613.49,1620265.01,101.92,BUILDPRO,4979.84,618861.69,CARRY-FORWARD(unverified),6828.34,5859.77,573248.2,1614405.24,101.56
2026-07-22,-45613.49,1525183.38,1514036.85,-11146.53,31473.53,154909.89,123436.36,13336.25,77822.87,1591859.72,100.14,BUILDPRO,4979.84,618861.69,CARRY-FORWARD(unverified),6989.24,5997.84,696684.56,1585861.88,99.76
2026-07-23,77822.87,1201557.35,1193797.55,-7759.8,96525.06,406953.74,310428.68,138.91,388251.55,1582049.1,99.52,BUILDPRO,4979.84,618861.69,CARRY-FORWARD(unverified),7150.14,6135.92,1007113.24,1575913.18,99.13
2026-07-24,388251.55,1055223.13,1052219.0,-3004.13,105783.71,242917.86,137134.15,-9061.17,525385.7,1577604.7,99.24,BUILDPRO,4979.84,618861.69,CARRY-FORWARD(unverified),7311.04,6274.0,1144247.39,1571330.7,98.85
2026-07-27,525385.7,1055223.13,1063035.9,7812.77,0.0,0.0,0.0,-9061.17,525385.7,1588421.6,99.92,BUILDPRO,4979.84,618861.69,CARRY-FORWARD(unverified),7471.94,6412.07,1144247.39,1582009.53,99.52
2026-07-28,525385.7,967718.05,968392.25,674.2,14250.29,94600.72,80350.42,-16215.83,605736.12,1574128.37,99.02,BUILDPRO,4979.84,618861.69,CARRY-FORWARD(unverified),7632.84,6550.15,1224597.81,1567578.22,98.61
2026-07-29,605736.12,1077010.19,1086716.45,9706.26,225595.87,112503.63,-113092.24,-20015.93,492643.88,1579360.33,99.35,BUILDPRO,4979.84,618861.69,CARRY-FORWARD(unverified),7793.74,6688.23,1111505.57,1572672.1,98.93
2026-07-30,492643.88,1137283.25,1134094.55,-3188.7,81648.02,21032.74,-60615.28,-20358.14,432028.6,1566123.15,98.52,BUILDPRO,4979.84,618861.69,CARRY-FORWARD(unverified),7954.64,6826.31,1050890.29,1559296.84,98.09
2026-07-31,432028.6,1358380.19,1375273.4,16893.21,251615.76,30494.94,-221120.82,-20382.02,210907.78,1586181.18,99.78,BUILDPRO,4979.84,618861.69,CARRY-FORWARD(unverified),8115.54,6964.38,829769.47,1579216.8,99.34
2026-08-03,210907.78,1471366.44,1503755.15,32388.71,164526.13,48278.86,-116247.28,-23643.06,94660.51,1598415.66,100.55,BUILDPRO,4979.84,618861.69,CARRY-FORWARD(unverified),8276.44,7102.46,713522.2,1591313.2,100.1
2026-08-04,94660.51,1682002.95,1715544.5,33541.55,312909.85,110516.44,-202393.41,-15399.95,-107732.9,1607811.6,101.14,BUILDPRO,4979.84,618861.69,CARRY-FORWARD(unverified),8437.34,7240.54,511128.79,1600571.06,100.69
2026-08-05,-107732.9,1692143.22,1729379.4,37236.18,99815.24,89700.14,-10115.1,-15374.78,-117848.0,1611531.4,101.38,BUILDPRO,4979.84,618861.69,CARRY-FORWARD(unverified),8598.24,7378.61,501013.69,1604152.79,100.91
2026-08-06,-117848.0,1858455.91,1891178.4,32722.49,342295.75,187394.25,-154901.49,-3963.58,-272749.49,1618428.91,101.81,BUILDPRO,4979.84,618861.69,CARRY-FORWARD(unverified),8759.14,7516.69,346112.2,1610912.22,101.34
2026-08-07,-272749.49,1795565.91,1824714.5,29148.59,94478.15,160984.46,66506.31,-347.28,-206243.19,1618471.31,101.81,BUILDPRO,4979.84,618861.69,CARRY-FORWARD(unverified),8920.04,7654.77,412618.5,1610816.54,101.33
2026-08-10,-206243.19,1623440.16,1628815.6,5375.44,132709.34,316321.07,183611.73,11138.7,-22631.45,1606184.15,101.04,BUILDPRO,4979.84,618861.69,CARRY-FORWARD(unverified),9080.94,7792.84,596230.24,1598391.31,100.55
2026-08-11,-22631.45,1731050.47,1741233.25,10182.78,163583.76,55973.3,-107610.45,11138.56,-130241.91,1610991.34,101.34,BUILDPRO,4979.84,618861.69,CARRY-FORWARD(unverified),9241.84,7930.92,488619.78,1603060.42,100.84
2026-08-12,-130241.91,1590806.62,1600052.35,9245.73,160261.75,302650.5,142388.75,13283.46,12146.84,1612199.19,101.42,BUILDPRO,4979.84,618861.69,CARRY-FORWARD(unverified),9402.74,8069.0,631008.53,1604130.19,100.91
2026-08-13,12146.84,1674745.4,1683910.0,9164.6,201917.02,126236.04,-75680.98,21541.26,-63534.14,1620375.86,101.93,BUILDPRO,4979.84,618861.69,CARRY-FORWARD(unverified),9563.64,8207.07,555327.55,1612168.79,101.42
2026-08-14,-63534.14,1777967.26,1790570.45,12603.19,141387.52,39364.0,-102023.52,22739.6,-165557.66,1625012.79,102.22,BUILDPRO,4979.84,618861.69,CARRY-FORWARD(unverified),9724.54,8345.15,453304.03,1616667.64,101.7
2026-08-17,-165557.66,1848585.31,1874030.6,25445.29,195772.0,135246.92,-60525.09,32832.57,-226082.75,1647947.85,103.67,BUILDPRO,4979.84,618861.69,CARRY-FORWARD(unverified),9885.44,8483.23,392778.94,1639464.62,103.13
2026-08-18,-226082.75,1871985.78,1909572.95,37587.17,122191.39,97100.57,-25090.82,31142.22,-251173.57,1658399.38,104.32,BUILDPRO,4979.84,618861.69,CARRY-FORWARD(unverified),10046.34,8621.31,367688.12,1649778.07,103.78
2026-08-19,-251173.57,1675125.27,1696464.2,21338.93,79608.13,274136.54,194528.41,28810.1,-56645.16,1639819.04,103.15,BUILDPRO,4979.84,618861.69,CARRY-FORWARD(unverified),10207.24,8759.38,562216.53,1631059.66,102.6
2026-08-20,-56645.16,1787203.68,1807561.4,20357.72,194866.6,84241.5,-110625.1,30263.42,-167270.26,1640291.14,103.18,BUILDPRO,4979.84,618861.69,CARRY-FORWARD(unverified),10368.14,8897.46,451591.43,1631393.68,102.62
2026-08-21,-167270.26,1901418.99,1940184.1,38765.11,181651.87,64052.87,-117599.0,26879.72,-284869.26,1655314.84,104.13,BUILDPRO,4979.84,618861.69,CARRY-FORWARD(unverified),10529.04,9035.54,333992.43,1646279.3,103.56
2026-08-24,-284869.26,1834799.09,1867202.4,32403.31,19923.39,92300.87,72377.48,32637.31,-212491.78,1654710.62,104.09,BUILDPRO,4979.84,618861.69,CARRY-FORWARD(unverified),10689.94,9173.61,406369.91,1645537.01,103.51
2026-08-25,-212491.78,1720165.19,1733795.9,13630.71,225980.54,336291.24,110310.71,28314.11,-102181.08,1631614.82,102.64,BUILDPRO,4979.84,618861.69,CARRY-FORWARD(unverified),10850.84,9311.69,516680.61,1622303.13,102.05
2026-08-26,-102181.08,1913694.78,1964919.9,51225.12,272910.77,77274.54,-195636.24,26207.46,-297817.32,1667102.58,104.87,BUILDPRO,4979.84,618861.69,CARRY-FORWARD(unverified),11011.74,9449.77,321044.37,1657652.81,104.28
2026-08-27,-297817.32,1920061.17,1962352.5,42291.33,104173.02,102094.62,-2078.4,30495.46,-299895.71,1662456.79,104.58,BUILDPRO,4979.84,618861.69,CARRY-FORWARD(unverified),11172.64,9587.84,318965.98,1652868.95,103.98
2026-08-28,-299895.71,1979294.44,2038748.15,59453.71,235071.7,171987.39,-63084.31,26644.42,-362980.02,1675768.13,105.42,BUILDPRO,4979.84,618861.69,CARRY-FORWARD(unverified),11333.54,9725.92,255881.67,1666042.21,104.8
