symbol,index,fno,chg,close,prev_close,deliv,avg20d,ratio_pct,n_days_d
PNCINFRA,Outside Nifty500,No,-20.0,140.32,175.4,2364489.0,229716.0,1029.3,20
SUNSHINE,Outside Nifty500,No,-18.11,333.95,407.8,2476045.0,974885.0,254.0,16
SIGACHI,Outside Nifty500,No,-16.93,31.51,37.93,7128567.0,2012555.0,354.2,20
BAIDFIN,Outside Nifty500,No,-15.15,10.08,11.88,356910.0,99149.0,360.0,20
AEROENTER,Outside Nifty500,No,-14.71,116.93,137.09,877292.0,482338.0,181.9,20
SOLARINDS,NiftyNext50,Yes,-13.64,19250.0,22290.0,425477.0,57125.0,744.8,20
IVC,Outside Nifty500,No,-13.06,7.92,9.11,802468.0,581080.0,138.1,20
VTMLTD,Outside Nifty500,No,-12.91,42.17,48.42,174454.0,32368.0,539.0,20
RPEL,Outside Nifty500,No,-12.07,1622.4,1845.2,99485.0,61939.0,160.6,20
ASHOKAMET,Outside Nifty500,No,-11.98,15.14,17.2,421159.0,80109.0,525.7,20
ALMONDZ,Outside Nifty500,No,-11.97,16.84,19.13,385140.0,230911.0,166.8,20
SMSPHARMA,Outside Nifty500,No,-11.5,410.15,463.45,1286644.0,291642.0,441.2,20
INOXINDIA,Outside Nifty500,No,-11.3,1992.8,2246.6,237072.0,118602.0,199.9,20
VPRPL,Outside Nifty500,No,-10.81,32.26,36.17,518082.0,264235.0,196.1,20
CENTEXT,Outside Nifty500,No,-10.68,19.98,22.37,551129.0,228811.0,240.9,20
DUCON,Outside Nifty500,No,-10.67,1.59,1.78,2515342.0,1314856.0,191.3,20
VEDAVAAG,Outside Nifty500,No,-10.27,20.98,23.38,106279.0,73611.0,144.4,20
MARINE,Outside Nifty500,No,-10.12,376.75,419.15,585425.0,354010.0,165.4,20
DHOOTTRANS,Outside Nifty500,No,-10.0,1555.9,1728.7,1071279.0,909526.0,117.8,20
KABRAEXTRU,Outside Nifty500,No,-10.0,650.85,723.15,154410.0,133873.0,115.3,20
LADDERUP,Outside Nifty500,No,-10.0,66.88,74.31,28549.0,3819.0,747.6,20
MEDICAPQ,Outside Nifty500,No,-10.0,28.53,31.7,23421.0,17287.0,135.5,20
SRGHFL,Outside Nifty500,No,-10.0,140.4,156.0,62822.0,6768.0,928.2,20
AEROFLEX,Outside Nifty500,No,-9.99,507.6,563.95,819087.0,478179.0,171.3,20
CHEMBOND,Outside Nifty500,No,-9.95,195.52,217.12,13953.0,13939.0,100.1,20
TDPOWERSYS,Outside Nifty500,No,-9.86,725.5,804.9,2442964.0,789565.0,309.4,20
WELCORP,Smallcap250,No,-9.84,2413.3,2676.6,1615268.0,764739.0,211.2,20
DATAPATTNS,Smallcap250,No,-9.74,4358.8,4829.2,418482.0,192775.0,217.1,20
KSHINTL,Outside Nifty500,No,-9.57,1058.85,1170.9,221640.0,113539.0,195.2,20
ANMOL,Outside Nifty500,No,-9.48,15.27,16.87,480858.0,207676.0,231.5,20
ASIANENE,Outside Nifty500,No,-9.32,485.25,535.1,408363.0,214919.0,190.0,20
MIDHANI,Outside Nifty500,No,-9.29,405.85,447.4,1170208.0,497598.0,235.2,20
ANIKINDS,Outside Nifty500,No,-9.14,40.58,44.66,14896.0,7961.0,187.1,20
RAIN,Outside Nifty500,No,-8.9,196.74,215.97,2453702.0,1736710.0,141.3,20
UMESLTD,Outside Nifty500,No,-8.85,4.53,4.97,139688.0,36396.0,383.8,20
SSWL,Outside Nifty500,No,-8.54,339.0,370.65,828764.0,555672.0,149.1,20
GHCLTEXTIL,Outside Nifty500,No,-8.52,119.62,130.76,674416.0,336141.0,200.6,20
APOLLO,Outside Nifty500,No,-8.44,386.6,422.25,3539988.0,1789993.0,197.8,20
NETWEB,Smallcap250,No,-8.22,4614.0,5027.0,607417.0,331530.0,183.2,20
RVTH,Outside Nifty500,No,-8.16,680.5,740.95,2959.0,1048.0,282.3,20
MANGALAM,Outside Nifty500,No,-8.01,33.54,36.46,77017.0,65830.0,117.0,20
EPACKPEB,Outside Nifty500,No,-7.98,221.26,240.44,292326.0,200989.0,145.4,20
BECTORFOOD,Outside Nifty500,No,-7.88,223.4,242.5,902134.0,538297.0,167.6,20
DMCC,Outside Nifty500,No,-7.67,265.5,287.55,62758.0,29296.0,214.2,20
WABAG,Outside Nifty500,No,-7.66,2103.4,2277.9,375716.0,318443.0,118.0,20
CLEANMAX,Outside Nifty500,No,-7.65,1321.5,1431.0,201246.0,119775.0,168.0,20
AVANTEL,Outside Nifty500,No,-7.64,144.5,156.46,1004430.0,330227.0,304.2,20
IOLCP,Outside Nifty500,No,-7.61,179.52,194.31,2261390.0,1626210.0,139.1,20
EXICOM,Outside Nifty500,No,-7.6,168.43,182.28,751262.0,642440.0,116.9,20
SHRIKRISH,Outside Nifty500,No,-7.51,34.22,37.0,894.0,690.0,129.6,18
BALAMINES,Outside Nifty500,No,-7.5,2105.7,2276.5,121197.0,93791.0,129.2,20
KAMATHOTEL,Outside Nifty500,No,-7.4,207.6,224.2,59719.0,58979.0,101.3,20
JINDALSAW,Smallcap250,No,-7.36,289.0,311.95,1189012.0,1026043.0,115.9,20
YASHO,Outside Nifty500,No,-7.26,3883.4,4187.5,34658.0,20006.0,173.2,20
EVEREADY,Outside Nifty500,No,-7.23,336.75,363.0,85920.0,74331.0,115.6,20
RUBFILA,Outside Nifty500,No,-7.23,63.56,68.51,78110.0,36672.0,213.0,20
RESPONIND,Outside Nifty500,No,-7.19,160.82,173.27,394500.0,239740.0,164.6,20
KINGFA,Outside Nifty500,No,-7.15,5754.0,6197.0,19852.0,6796.0,292.1,20
ELANTAS,Outside Nifty500,No,-7.11,13481.0,14513.0,3091.0,1432.0,215.9,20
SOLARWORLD,Outside Nifty500,No,-7.11,131.42,141.48,225443.0,141114.0,159.8,20
SAHYADRI,Outside Nifty500,No,-7.1,363.15,390.9,16593.0,13093.0,126.7,20
STYL,Outside Nifty500,No,-7.02,360.2,387.4,108771.0,52670.0,206.5,20
VINDHYATEL,Outside Nifty500,No,-6.96,2617.7,2813.5,45126.0,32831.0,137.4,20
BLUESTONE,Outside Nifty500,No,-6.94,828.55,890.35,287822.0,195729.0,147.1,20
BORORENEW,Outside Nifty500,No,-6.93,461.3,495.65,307587.0,200605.0,153.3,20
BBOX,Outside Nifty500,No,-6.87,745.8,800.8,407464.0,161725.0,251.9,20
WANBURY,Outside Nifty500,No,-6.79,223.1,239.35,121810.0,54415.0,223.9,20
TAALTECH,Outside Nifty500,No,-6.75,5012.4,5375.5,8416.0,5918.0,142.2,20
PANAMAPET,Outside Nifty500,No,-6.71,450.75,483.15,239518.0,102813.0,233.0,20
PARAS,Outside Nifty500,No,-6.71,1339.2,1435.6,507085.0,336682.0,150.6,20
CAPLIPOINT,Smallcap250,No,-6.69,2570.6,2754.9,88370.0,63979.0,138.1,20
TINNARUBR,Outside Nifty500,No,-6.68,965.0,1034.05,44695.0,20332.0,219.8,20
FCL,Outside Nifty500,No,-6.65,53.88,57.72,9020891.0,7422018.0,121.5,20
GVT&D,Midcap150,No,-6.62,4246.9,4548.1,500736.0,438367.0,114.2,20
ELLEN,Outside Nifty500,No,-6.6,355.1,380.2,526185.0,344541.0,152.7,20
NRBBEARING,Outside Nifty500,No,-6.57,480.85,514.65,241875.0,174166.0,138.9,20
NIBL,Outside Nifty500,No,-6.53,31.06,33.23,30645.0,21772.0,140.8,20
INA,Outside Nifty500,No,-6.51,86.93,92.98,767317.0,267558.0,286.8,20
CHENNPETRO,Smallcap250,No,-6.43,1471.8,1572.9,618792.0,388035.0,159.5,20
SPORTKING,Outside Nifty500,No,-6.41,201.01,214.77,272028.0,170219.0,159.8,20
KHAICHEM,Outside Nifty500,No,-6.35,50.6,54.03,127814.0,98919.0,129.2,20
APOLLOPIPE,Outside Nifty500,No,-6.25,520.2,554.9,184431.0,133296.0,138.4,20
SANSERA,Outside Nifty500,No,-6.25,3871.7,4129.9,160854.0,75766.0,212.3,20
AXISCADES,Outside Nifty500,No,-6.23,1717.7,1831.8,98118.0,82585.0,118.8,20
SUVEN,Outside Nifty500,No,-6.22,333.45,355.55,458814.0,315428.0,145.5,20
WELENT,Outside Nifty500,No,-6.18,737.6,786.2,3738122.0,334706.0,1116.8,20
AWFIS,Outside Nifty500,No,-6.16,275.15,293.2,645844.0,287862.0,224.4,20
LASERPOWER,Outside Nifty500,No,-6.16,271.9,289.75,659316.0,380976.0,173.1,20
ARDEE,Outside Nifty500,No,-6.15,47.78,50.91,2950277.0,1825415.0,161.6,20
DEFENCE,Outside Nifty500,No,-6.15,76.88,81.92,536231.0,161951.0,331.1,20
SBCL,Outside Nifty500,No,-6.15,1020.2,1087.0,224756.0,168586.0,133.3,20
BAJEL,Outside Nifty500,No,-6.13,168.87,179.89,168942.0,100132.0,168.7,20
ORIENTPPR,Outside Nifty500,No,-6.13,16.69,17.78,240147.0,190056.0,126.4,20
GOCOLORS,Outside Nifty500,No,-6.11,304.9,324.75,94665.0,62023.0,152.6,20
UDAYJEW,Outside Nifty500,No,-6.07,161.6,172.04,30481.0,19316.0,157.8,20
ASIANTNE,Outside Nifty500,No,-6.05,8.69,9.25,11592.0,10113.0,114.6,20
TEXRAIL,Outside Nifty500,No,-6.03,110.71,117.81,1029953.0,1018660.0,101.1,20
MMFL,Outside Nifty500,No,-6.0,593.8,631.7,137069.0,61010.0,224.7,20
FREDUN,Outside Nifty500,No,-5.97,1327.9,1412.2,28536.0,12880.0,221.6,20
KOTHARIPET,Outside Nifty500,No,-5.93,130.35,138.57,85619.0,42489.0,201.5,20
FINCABLES,Smallcap250,No,-5.91,1339.9,1424.0,468850.0,381177.0,123.0,20
PCJEWELLER,Outside Nifty500,No,-5.91,12.89,13.7,105652315.0,104590705.0,101.0,20
AUSTENG,Outside Nifty500,No,-5.9,127.31,135.29,5213.0,2498.0,208.7,20
LATTEYS,Outside Nifty500,No,-5.87,20.52,21.8,58493.0,36598.0,159.8,20
KIRLOSENG,Smallcap250,No,-5.86,2041.6,2168.6,333147.0,224983.0,148.1,20
SANGHVIMOV,Outside Nifty500,No,-5.86,401.5,426.5,309866.0,164766.0,188.1,20
KPL,Outside Nifty500,No,-5.84,3430.6,3643.3,22022.0,18696.0,117.8,20
LAXMIINDIA,Outside Nifty500,No,-5.8,121.59,129.07,169663.0,119703.0,141.7,20
UTLSOLAR,Outside Nifty500,No,-5.78,421.9,447.8,151621.0,136568.0,111.0,20
BEPL,Outside Nifty500,No,-5.77,120.69,128.08,884734.0,760876.0,116.3,20
VEDPOWER,Outside Nifty500,No,-5.77,31.68,33.62,9233016.0,6411185.0,144.0,20
FILATEX,Outside Nifty500,No,-5.72,82.41,87.41,2290940.0,1425326.0,160.7,20
SERVOTECH,Outside Nifty500,No,-5.72,72.86,77.28,392908.0,146877.0,267.5,20
PROSTARM,Outside Nifty500,No,-5.68,126.04,133.63,156523.0,84456.0,185.3,20
ARVSMART,Outside Nifty500,No,-5.67,564.15,598.05,111230.0,35279.0,315.3,20
CGPOWER,NiftyNext50,Yes,-5.61,858.0,909.0,1664786.0,1152235.0,144.5,20
MODEFENCE,Outside Nifty500,No,-5.59,100.76,106.73,2831331.0,987241.0,286.8,20
GROWWDEFNC,Outside Nifty500,No,-5.58,91.97,97.41,568430.0,139988.0,406.1,20
PANACEABIO,Outside Nifty500,No,-5.51,375.75,397.65,128928.0,54442.0,236.8,20
SOUTHWEST,Outside Nifty500,No,-5.51,201.59,213.35,172769.0,141034.0,122.5,20
HTMEDIA,Outside Nifty500,No,-5.5,23.55,24.92,213065.0,71992.0,296.0,20
PARACABLES,Outside Nifty500,No,-5.49,61.31,64.87,1135089.0,1062563.0,106.8,20
GENUSPAPER,Outside Nifty500,No,-5.48,11.38,12.04,133552.0,102531.0,130.3,20
AETHER,Outside Nifty500,No,-5.47,1583.1,1674.7,164649.0,110925.0,148.4,20
GOKEX,Outside Nifty500,No,-5.37,743.3,785.5,112396.0,109291.0,102.8,20
BEL,Nifty50,Yes,-5.3,382.9,404.35,9645722.0,5372650.0,179.5,20
NDLVENTURE,Outside Nifty500,No,-5.23,118.87,125.43,33885.0,12008.0,282.2,20
SHALBY,Outside Nifty500,No,-5.23,137.21,144.78,189828.0,37975.0,499.9,20
RAMKY,Outside Nifty500,No,-5.21,314.8,332.1,27318.0,24428.0,111.8,20
PRISMX,Outside Nifty500,No,-5.17,0.55,0.58,426681.0,127737.0,334.0,20
ASTRAMICRO,Outside Nifty500,No,-5.16,1593.8,1680.6,293291.0,152782.0,192.0,20
MRPL,Smallcap250,No,-5.15,166.81,175.86,2663313.0,2275074.0,117.1,20
SUMICHEM,Smallcap250,No,-5.13,451.95,476.4,126184.0,102507.0,123.1,20
SYRMA,Smallcap250,No,-5.13,1507.7,1589.3,499801.0,414726.0,120.5,20
GODREJPROP,Midcap150,Yes,-5.07,1659.3,1748.0,417593.0,296991.0,140.6,20
PRAKASHSTL,Outside Nifty500,No,-5.07,3.56,3.75,198517.0,95061.0,208.8,20
SUPREME,Outside Nifty500,No,-5.07,32.98,34.74,38191.0,17122.0,223.1,20
AZAD,Outside Nifty500,No,-5.06,2704.9,2849.1,198493.0,135597.0,146.4,20
MSTCLTD,Outside Nifty500,No,-5.06,701.2,738.55,212168.0,179642.0,118.1,20
EMMVEE,Smallcap250,No,-5.04,328.55,346.0,1326893.0,779401.0,170.2,20
JSWINFRA,Midcap150,No,-5.04,325.85,343.15,1918123.0,1334863.0,143.7,20
PNBGILTS,Outside Nifty500,No,-5.04,76.29,80.34,316509.0,185748.0,170.4,20
SRHHYPOLTD,Outside Nifty500,No,-5.04,497.4,523.8,37553.0,11776.0,318.9,20
UNIVCABLES,Outside Nifty500,No,-5.04,1417.3,1492.5,111353.0,69238.0,160.8,20
MARKSANS,Outside Nifty500,No,-5.02,312.85,329.4,1099092.0,800995.0,137.2,20
DEEDEV,Outside Nifty500,No,-5.0,607.4,639.35,150602.0,149893.0,100.5,20
DIGJAMLMTD,Outside Nifty500,No,-5.0,65.0,68.42,85994.0,78214.0,109.9,20
GVPIL,Outside Nifty500,No,-5.0,620.05,652.65,118530.0,105084.0,112.8,20
INGERRAND,Outside Nifty500,No,-5.0,4344.3,4573.0,14247.0,13541.0,105.2,20
QPOWER,Outside Nifty500,No,-5.0,1355.2,1426.5,216413.0,156549.0,138.2,20
RMC,Outside Nifty500,No,-5.0,201.09,211.68,28199.0,23325.0,120.9,20
KRN,Outside Nifty500,No,-4.99,1514.0,1593.6,168921.0,116235.0,145.3,20
LEMERITE,Outside Nifty500,No,-4.97,20.06,21.11,151911.0,70602.0,215.2,20
JYOTISTRUC,Outside Nifty500,No,-4.95,9.21,9.69,5393989.0,2865183.0,188.3,20
ALKYLAMINE,Outside Nifty500,No,-4.92,1775.7,1867.5,42243.0,36514.0,115.7,20
EIEL,Outside Nifty500,No,-4.92,196.91,207.11,398406.0,388015.0,102.7,20
BLUECOAST,Outside Nifty500,No,-4.91,21.09,22.18,1990.0,952.0,209.0,6
IRMENERGY,Outside Nifty500,No,-4.91,266.5,280.25,36007.0,32721.0,110.0,20
NACLIND,Outside Nifty500,No,-4.89,149.92,157.62,275237.0,145368.0,189.3,20
CRAFTSMAN,Smallcap250,No,-4.88,11099.0,11669.0,43605.0,23290.0,187.2,20
AARTIIND,Smallcap250,No,-4.87,468.7,492.7,430537.0,363480.0,118.4,20
PHOENXINTL,Outside Nifty500,No,-4.86,28.4,29.85,4414.0,2327.0,189.7,20
ZENTEC,Smallcap250,No,-4.86,1638.9,1722.6,225085.0,134633.0,167.2,20
SHADOWFAX,Outside Nifty500,No,-4.83,241.15,253.4,2211894.0,2062232.0,107.3,20
HUHTAMAKI,Outside Nifty500,No,-4.82,242.15,254.4,131883.0,94884.0,139.0,20
WALCHANNAG,Outside Nifty500,No,-4.79,200.03,210.1,314005.0,296236.0,106.0,20
LCCINFOTEC,Outside Nifty500,No,-4.78,2.99,3.14,97972.0,86092.0,113.8,20
SALASAR,Outside Nifty500,No,-4.75,4.81,5.05,6790444.0,3716832.0,182.7,20
SHRIRAMFIN,Nifty50,Yes,-4.74,979.8,1028.6,3658587.0,2215173.0,165.2,20
ICEMAKE,Outside Nifty500,No,-4.73,695.55,730.1,20936.0,8614.0,243.0,20
SIEMENS,NiftyNext50,Yes,-4.73,3770.0,3957.0,150096.0,148750.0,100.9,20
JAMNAAUTO,Outside Nifty500,No,-4.72,129.06,135.46,1178399.0,835324.0,141.1,20
SMCGLOBAL,Outside Nifty500,No,-4.72,81.94,86.0,576606.0,527760.0,109.3,20
MAXIND,Outside Nifty500,No,-4.71,139.12,146.0,49875.0,39910.0,125.0,20
SGFIN,Outside Nifty500,No,-4.69,629.75,660.75,153629.0,99698.0,154.1,20
TMB,Outside Nifty500,No,-4.67,868.35,910.9,106600.0,74442.0,143.2,20
LODHA,NiftyNext50,Yes,-4.66,1064.8,1116.9,808577.0,731703.0,110.5,20
ARMANFIN,Outside Nifty500,No,-4.63,1918.1,2011.3,19886.0,15784.0,126.0,20
BDL,Midcap150,Yes,-4.62,1135.0,1190.0,508336.0,411057.0,123.7,20
AVALON,Outside Nifty500,No,-4.58,2160.7,2264.5,178096.0,163161.0,109.2,20
TIMKEN,Smallcap250,No,-4.58,3151.2,3302.4,29186.0,18526.0,157.5,20
MARKOLINES,Outside Nifty500,No,-4.55,163.08,170.86,64459.0,58621.0,110.0,20
AARTIPHARM,Outside Nifty500,No,-4.53,789.45,826.95,196886.0,186913.0,105.3,20
COASTCORP,Outside Nifty500,No,-4.53,37.32,39.09,77087.0,54866.0,140.5,20
ELGIRUBCO,Outside Nifty500,No,-4.53,55.83,58.48,32873.0,28471.0,115.5,20
BMWVENTLTD,Outside Nifty500,No,-4.51,51.61,54.05,109247.0,29296.0,372.9,20
MUTHOOTMF,Outside Nifty500,No,-4.51,187.61,196.48,152870.0,149921.0,102.0,20
GANDHAR,Outside Nifty500,No,-4.49,260.45,272.7,442500.0,397741.0,111.3,20
RSL,Outside Nifty500,No,-4.46,181.63,190.1,212648.0,198853.0,106.9,20
BANCOINDIA,Outside Nifty500,No,-4.45,587.65,615.0,72758.0,44499.0,163.5,20
SOLARA,Outside Nifty500,No,-4.45,715.8,749.15,272906.0,239588.0,113.9,20
UNIMECH,Outside Nifty500,No,-4.44,1538.5,1610.0,111768.0,96272.0,116.1,20
HRYNSHP,Outside Nifty500,No,-4.42,96.38,100.84,1159.0,960.0,120.7,20
LIBERTSHOE,Outside Nifty500,No,-4.4,218.62,228.68,26763.0,10931.0,244.8,20
LXCHEM,Outside Nifty500,No,-4.4,167.83,175.56,458053.0,384180.0,119.2,20
MAZDOCK,NiftyNext50,Yes,-4.4,2236.0,2339.0,341211.0,210708.0,161.9,20
SANDUMA,Outside Nifty500,No,-4.4,181.98,190.35,594208.0,248745.0,238.9,20
DHANBANK,Outside Nifty500,No,-4.37,29.79,31.15,344314.0,312844.0,110.1,20
ENERGYDEV,Outside Nifty500,No,-4.36,14.27,14.92,32831.0,17385.0,188.8,20
KALAMANDIR,Outside Nifty500,No,-4.36,78.97,82.57,427495.0,177067.0,241.4,20
REMSONSIND,Outside Nifty500,No,-4.35,92.13,96.32,74848.0,70889.0,105.6,20
ASHOKLEY,Midcap150,Yes,-4.34,156.65,163.75,8878502.0,5935771.0,149.6,20
ELCIDIN,Outside Nifty500,No,-4.34,102210.0,106850.0,8.0,7.0,114.3,20
SEJALLTD,Outside Nifty500,No,-4.32,618.35,646.3,4741.0,3694.0,128.3,20
MOMENTUM,Outside Nifty500,No,-4.3,30.25,31.61,122731.0,76575.0,160.3,20
HAL,NiftyNext50,Yes,-4.28,4695.0,4905.0,391901.0,367388.0,106.7,20
INDORAMA,Outside Nifty500,No,-4.27,82.81,86.5,1428271.0,439413.0,325.0,20
INSPIRISYS,Outside Nifty500,No,-4.27,81.78,85.43,5263.0,3584.0,146.8,12
KROSS,Outside Nifty500,No,-4.27,228.87,239.07,349139.0,285092.0,122.5,20
AFIL,Outside Nifty500,No,-4.26,8.54,8.92,437668.0,374032.0,117.0,20
ARVIND,Outside Nifty500,No,-4.26,550.6,575.1,565614.0,342046.0,165.4,20
HILTON,Outside Nifty500,No,-4.26,17.29,18.06,104335.0,58466.0,178.5,17
SOLEX,Outside Nifty500,No,-4.25,668.9,698.6,33541.0,16278.0,206.1,20
KIOCL,Outside Nifty500,No,-4.24,340.8,355.9,49224.0,34837.0,141.3,20
MOBIKWIK,Outside Nifty500,No,-4.22,200.86,209.7,879962.0,465084.0,189.2,20
ZENITHEXPO,Outside Nifty500,No,-4.22,196.35,205.0,210.0,208.0,101.0,17
BHEL,Midcap150,Yes,-4.21,412.85,431.0,4109026.0,2429462.0,169.1,20
DELHIVERY,Smallcap250,Yes,-4.21,420.5,439.0,2655724.0,879155.0,302.1,20
JSWHL,Outside Nifty500,No,-4.21,10967.0,11449.0,55056.0,1381.0,3986.7,20
PALREDTEC,Outside Nifty500,No,-4.21,49.81,52.0,3435.0,3282.0,104.7,6
BOROSCI,Outside Nifty500,No,-4.2,120.02,125.28,35401.0,28245.0,125.3,20
EXCELSOFT,Outside Nifty500,No,-4.2,77.63,81.03,568541.0,372951.0,152.4,20
MTNL,Outside Nifty500,No,-4.2,23.7,24.74,460666.0,278526.0,165.4,20
THANGAMAYL,Outside Nifty500,No,-4.17,4912.0,5126.0,57276.0,43657.0,131.2,20
JAYKAY,Outside Nifty500,No,-4.16,158.45,165.32,262327.0,212175.0,123.6,20
BHAGYANGR,Outside Nifty500,No,-4.15,405.0,422.55,85909.0,85615.0,100.3,20
POCL,Outside Nifty500,No,-4.15,435.3,454.15,234535.0,177481.0,132.1,20
INDOTECH,Outside Nifty500,No,-4.14,3377.2,3522.9,19324.0,11490.0,168.2,20
MIDWESTLTD,Outside Nifty500,No,-4.14,974.3,1016.4,30218.0,13900.0,217.4,20
MOOILGAS,Outside Nifty500,No,-4.14,10.87,11.34,32393.0,7148.0,453.2,20
PINELABS,Smallcap250,No,-4.14,193.8,202.17,21246610.0,13348587.0,159.2,20
SCI,Smallcap250,No,-4.12,269.05,280.6,807233.0,757835.0,106.5,20
TVSHLTD,Outside Nifty500,No,-4.12,12488.0,13024.0,3125.0,2740.0,114.1,20
VENKEYS,Outside Nifty500,No,-4.12,1713.6,1787.2,43317.0,42298.0,102.4,20
MAPMYINDIA,Smallcap250,No,-4.1,887.8,925.8,84276.0,61647.0,136.7,20
SUNTECK,Outside Nifty500,No,-4.1,276.2,288.0,119466.0,77955.0,153.2,20
TECHNVISN,Outside Nifty500,No,-4.1,4591.5,4788.0,579.0,280.0,206.8,20
KMCSHIL,Outside Nifty500,No,-4.09,132.8,138.47,55028.0,50128.0,109.8,20
TRF,Outside Nifty500,No,-4.08,213.0,222.05,22928.0,6083.0,376.9,20
COCHINSHIP,Midcap150,Yes,-4.06,1325.0,1381.0,726811.0,477375.0,152.3,20
KALPATARU,Outside Nifty500,No,-4.06,255.45,266.25,53886.0,30692.0,175.6,20
TECHNOCRAF,Outside Nifty500,No,-4.06,424.35,442.3,629732.0,485910.0,129.6,20
BIGBLOC,Outside Nifty500,No,-4.05,39.14,40.79,42619.0,26596.0,160.2,20
GRANULES,Smallcap250,No,-4.04,872.6,909.3,1133539.0,912637.0,124.2,20
SPLIL,Outside Nifty500,No,-4.03,28.84,30.05,11172.0,8106.0,137.8,20
ZIMLAB,Outside Nifty500,No,-4.03,133.61,139.22,68702.0,64182.0,107.0,20
ANURAS,Smallcap250,No,-4.02,1170.4,1219.4,288207.0,158541.0,181.8,20
MIRZAINT,Outside Nifty500,No,-4.02,29.4,30.63,151315.0,51090.0,296.2,20
HIMATSEIDE,Outside Nifty500,No,-4.0,65.12,67.83,377116.0,196527.0,191.9,20
KANANIIND,Outside Nifty500,No,-4.0,1.44,1.5,169042.0,108502.0,155.8,20
NEULANDLAB,Smallcap250,No,-3.99,22595.0,23535.0,30084.0,17974.0,167.4,20
TRITURBINE,Smallcap250,No,-3.99,546.9,569.65,983651.0,224008.0,439.1,20
LTF,Midcap150,Yes,-3.98,296.8,309.1,2013046.0,1927916.0,104.4,20
AIRAN,Outside Nifty500,No,-3.97,16.45,17.13,91815.0,90376.0,101.6,20
NEPHROPLUS,Outside Nifty500,No,-3.97,734.95,765.35,170236.0,110800.0,153.6,20
SHAKTIPUMP,Outside Nifty500,No,-3.97,474.2,493.8,307608.0,202233.0,152.1,20
DLINKINDIA,Outside Nifty500,No,-3.96,417.05,434.25,74532.0,46930.0,158.8,20
INDIGO,Nifty50,Yes,-3.96,4776.0,4973.0,442342.0,336784.0,131.3,20
KSL,Outside Nifty500,No,-3.95,930.45,968.75,82628.0,58325.0,141.7,20
MCLEODRUSS,Outside Nifty500,No,-3.95,41.57,43.28,205003.0,158519.0,129.3,20
PRUDENT,Outside Nifty500,No,-3.94,3251.5,3385.0,17825.0,16232.0,109.8,20
ADVIKCA,Outside Nifty500,No,-3.92,0.98,1.02,365212.0,275288.0,132.7,20
LKPSEC,Outside Nifty500,No,-3.92,15.2,15.82,10547.0,9414.0,112.0,20
PGIL,Outside Nifty500,No,-3.9,1141.4,1187.7,40546.0,37679.0,107.6,20
STARHEALTH,Smallcap250,No,-3.89,540.8,562.7,564105.0,161176.0,350.0,20
VENUSPIPES,Outside Nifty500,No,-3.89,1941.6,2020.1,117207.0,88292.0,132.7,20
GNFC,Outside Nifty500,No,-3.88,540.6,562.4,315361.0,300912.0,104.8,20
VIJAYA,Smallcap250,No,-3.88,1443.7,1502.0,65070.0,53016.0,122.7,20
MAANALU,Outside Nifty500,No,-3.86,106.14,110.4,58712.0,36982.0,158.8,20
COFORGE,Midcap150,Yes,-3.85,1775.5,1846.5,2272318.0,1235642.0,183.9,20
KICL,Outside Nifty500,No,-3.85,4846.5,5040.5,812.0,516.0,157.4,20
WEWIN,Outside Nifty500,No,-3.84,40.83,42.46,2476.0,1246.0,198.7,20
CFEL,Outside Nifty500,No,-3.83,47.41,49.3,97728.0,66124.0,147.8,20
KITEX,Outside Nifty500,No,-3.83,119.13,123.87,199658.0,185876.0,107.4,20
MOTHERSON,NiftyNext50,Yes,-3.83,158.15,164.45,8779908.0,5851497.0,150.0,20
SHREDIGCEM,Outside Nifty500,No,-3.83,65.87,68.49,84381.0,72112.0,117.0,20
GMDCLTD,Smallcap250,No,-3.81,553.45,575.35,397889.0,305332.0,130.3,20
LUXIND,Outside Nifty500,No,-3.81,1056.7,1098.6,17417.0,9031.0,192.9,20
VINEETLAB,Outside Nifty500,No,-3.81,35.61,37.02,87085.0,61264.0,142.1,20
EDELWEISS,Outside Nifty500,No,-3.8,127.4,132.43,4099505.0,3971536.0,103.2,20
MANAKALUCO,Outside Nifty500,No,-3.8,35.47,36.87,67845.0,46642.0,145.5,20
JITFINFRA,Outside Nifty500,No,-3.79,279.35,290.35,17416.0,11825.0,147.3,20
VIPCLOTHNG,Outside Nifty500,No,-3.79,20.57,21.38,89899.0,49713.0,180.8,20
SHK,Outside Nifty500,No,-3.77,135.89,141.22,176134.0,167950.0,104.9,20
MITTAL,Outside Nifty500,No,-3.75,0.77,0.8,2036107.0,1244996.0,163.5,20
RKSWAMY,Outside Nifty500,No,-3.74,89.46,92.94,25567.0,21805.0,117.3,20
VAML,Outside Nifty500,No,-3.73,406.0,421.75,5025583.0,4255376.0,118.1,20
TRITONV,Outside Nifty500,No,-3.72,1051.5,1092.1,3541.0,2238.0,158.2,20
ABMKNO,Outside Nifty500,No,-3.71,174.71,181.45,2536.0,789.0,321.4,20
LICHSGFIN,Midcap150,Yes,-3.71,542.0,562.9,2706275.0,2184609.0,123.9,20
MOALPHA50,Outside Nifty500,No,-3.71,54.04,56.12,17789.0,8797.0,202.2,20
ABB,NiftyNext50,Yes,-3.7,7005.0,7274.0,93336.0,85183.0,109.6,20
ASPINWALL,Outside Nifty500,No,-3.7,250.85,260.5,2302.0,2206.0,104.4,20
SUNCLAY,Outside Nifty500,No,-3.7,1250.2,1298.3,4484.0,3805.0,117.8,20
LLOYDSENGG,Outside Nifty500,No,-3.69,79.71,82.76,2579230.0,2440913.0,105.7,20
CCAVENUE,Outside Nifty500,No,-3.68,15.69,16.29,6916668.0,6157157.0,112.3,20
BIRLACABLE,Outside Nifty500,No,-3.67,377.95,392.35,413933.0,342950.0,120.7,6
DLF,NiftyNext50,Yes,-3.67,620.85,644.5,1997572.0,1876411.0,106.5,20
TARIL,Smallcap250,No,-3.66,277.95,288.5,633375.0,556123.0,113.9,20
THACKER,Outside Nifty500,No,-3.66,1000.0,1038.0,35.0,21.0,166.7,5
BIRLANU,Outside Nifty500,No,-3.65,1395.5,1448.4,5060.0,4675.0,108.2,20
CRIZAC,Outside Nifty500,No,-3.64,179.89,186.68,165955.0,162235.0,102.3,20
JAYBARMARU,Outside Nifty500,No,-3.64,112.34,116.58,189830.0,145839.0,130.2,20
ZUARI,Outside Nifty500,No,-3.64,212.4,220.42,64586.0,53720.0,120.2,20
FMNL,Outside Nifty500,No,-3.61,9.09,9.43,41614.0,35824.0,116.2,17
PNGSREVA,Outside Nifty500,No,-3.61,494.2,512.7,121060.0,78919.0,153.4,20
BCLIND,Outside Nifty500,No,-3.6,32.95,34.18,366439.0,344817.0,106.3,20
CDSL,Smallcap250,Yes,-3.6,1311.0,1360.0,586473.0,539603.0,108.7,20
360ONE,Midcap150,Yes,-3.57,1052.1,1091.0,475769.0,397715.0,119.6,20
SPANDANA,Outside Nifty500,No,-3.57,226.96,235.37,101328.0,50337.0,201.3,20
PARKHOTELS,Outside Nifty500,No,-3.56,106.83,110.77,93141.0,91550.0,101.7,20
FIEMIND,Outside Nifty500,No,-3.55,1938.1,2009.5,37180.0,34373.0,108.2,20
VLSFINANCE,Outside Nifty500,No,-3.55,235.33,244.0,7352.0,5886.0,124.9,20
SPCENET,Outside Nifty500,No,-3.54,3.27,3.39,713308.0,704640.0,101.2,20
ASTAR,Outside Nifty500,No,-3.52,562.5,583.0,164.0,51.0,321.6,17
JWL,Smallcap250,No,-3.51,231.17,239.58,338350.0,206190.0,164.1,20
SARLAPOLY,Outside Nifty500,No,-3.51,96.7,100.22,71754.0,40890.0,175.5,20
AMJLAND,Outside Nifty500,No,-3.5,37.21,38.56,17414.0,6653.0,261.7,20
TVSELECT,Outside Nifty500,No,-3.49,399.4,413.85,13913.0,10498.0,132.5,20
ALPHA,Outside Nifty500,No,-3.48,52.18,54.06,1156432.0,550378.0,210.1,20
PODDARMENT,Outside Nifty500,No,-3.48,270.1,279.85,17261.0,9479.0,182.1,20
MOMENTUM50,Outside Nifty500,No,-3.47,52.63,54.52,712224.0,411790.0,173.0,20
MFSL,Midcap150,Yes,-3.46,1425.9,1477.0,384051.0,266101.0,144.3,20
CLEDUCATE,Outside Nifty500,No,-3.45,57.14,59.18,22713.0,13469.0,168.6,6
SIMPLXREA,Outside Nifty500,No,-3.45,132.27,137.0,169.0,107.0,157.9,18
GREENLAM,Outside Nifty500,No,-3.44,226.57,234.63,47421.0,33635.0,141.0,20
SASKEN,Outside Nifty500,No,-3.44,1722.2,1783.6,26060.0,11030.0,236.3,20
VIRINCHI,Outside Nifty500,No,-3.44,13.76,14.25,62047.0,56801.0,109.2,20
SMALLGROWW,Outside Nifty500,No,-3.43,47.85,49.55,11431.0,9185.0,124.5,20
3MINDIA,Midcap150,No,-3.42,31590.0,32710.0,1260.0,1088.0,115.8,20
MOHITE,Outside Nifty500,No,-3.42,2.54,2.63,141764.0,91467.0,155.0,20
MSUMI,Smallcap250,No,-3.42,35.06,36.3,6036652.0,5171186.0,116.7,20
IRCON,Smallcap250,No,-3.39,109.42,113.26,900767.0,476334.0,189.1,20
AWHCL,Outside Nifty500,No,-3.38,354.1,366.5,43840.0,33642.0,130.3,20
GRASIM,Nifty50,Yes,-3.38,3171.0,3281.9,834939.0,647472.0,129.0,20
MASTERTR,Outside Nifty500,No,-3.38,87.55,90.61,374289.0,211276.0,177.2,20
TASTYBITE,Outside Nifty500,No,-3.37,9927.0,10273.0,2365.0,1756.0,134.7,20
GROWWMOM50,Outside Nifty500,No,-3.36,10.65,11.02,265471.0,198790.0,133.5,20
LINCOLN,Outside Nifty500,No,-3.35,602.6,623.5,21986.0,17664.0,124.5,20
AVANTIFEED,Outside Nifty500,No,-3.34,771.95,798.6,126331.0,116432.0,108.5,20
BASF,Outside Nifty500,No,-3.33,3539.4,3661.5,9987.0,9671.0,103.3,20
THERMAX,Midcap150,No,-3.33,3559.4,3682.0,106041.0,60409.0,175.5,20
BOMDYEING,Outside Nifty500,No,-3.32,107.58,111.27,304617.0,244671.0,124.5,20
TVTODAY,Outside Nifty500,No,-3.31,105.68,109.3,63871.0,20486.0,311.8,20
AONETMMQ50,Outside Nifty500,No,-3.29,10.0,10.34,163001.0,38131.0,427.5,20
MPSLTD,Outside Nifty500,No,-3.29,2522.6,2608.5,12420.0,11656.0,106.6,20
SWSOLAR,Outside Nifty500,No,-3.28,174.3,180.22,608515.0,336406.0,180.9,20
VASCONEQ,Outside Nifty500,No,-3.26,29.1,30.08,243351.0,144320.0,168.6,20
GROWWRLTY,Outside Nifty500,No,-3.25,9.22,9.53,1215942.0,311722.0,390.1,20
HIRECT,Outside Nifty500,No,-3.25,1204.9,1245.4,30119.0,24849.0,121.2,20
YUKEN,Outside Nifty500,No,-3.25,1077.6,1113.75,24109.0,16126.0,149.5,20
JAICORPLTD,Outside Nifty500,No,-3.23,92.64,95.73,163795.0,127352.0,128.6,20
RKFORGE,Smallcap250,No,-3.23,688.2,711.2,391857.0,374239.0,104.7,20
VEEDOL,Outside Nifty500,No,-3.22,1382.5,1428.5,9112.0,4759.0,191.5,20
DIGISPICE,Outside Nifty500,No,-3.2,16.33,16.87,113606.0,49467.0,229.7,20
DRAGARWQ,Outside Nifty500,No,-3.19,5137.0,5306.5,1257.0,779.0,161.4,20
ADSL,Outside Nifty500,No,-3.18,97.02,100.21,55112.0,41854.0,131.7,20
DBCORP,Outside Nifty500,No,-3.18,184.73,190.79,79409.0,39779.0,199.6,20
GRINDWELL,Outside Nifty500,No,-3.18,1825.9,1885.8,14969.0,12602.0,118.8,20
BORANA,Outside Nifty500,No,-3.16,303.5,313.4,30381.0,12468.0,243.7,20
MOMMIDCAP,Outside Nifty500,No,-3.16,12.58,12.99,1517541.0,1322853.0,114.7,20
SAURASHCEM,Outside Nifty500,No,-3.16,53.03,54.76,84941.0,47921.0,177.3,20
ASAL,Outside Nifty500,No,-3.15,447.85,462.4,11547.0,8650.0,133.5,20
BLUEJET,Smallcap250,No,-3.15,550.65,568.55,202837.0,197201.0,102.9,20
SEKURITIND,Outside Nifty500,No,-3.15,106.86,110.34,33248.0,18329.0,181.4,20
UFO,Outside Nifty500,No,-3.15,60.66,62.63,28146.0,23392.0,120.3,20
KIRLOSBROS,Outside Nifty500,No,-3.14,1728.0,1784.0,46334.0,16979.0,272.9,20
MBAPL,Outside Nifty500,No,-3.14,155.82,160.87,657719.0,476393.0,138.1,20
GOPAL,Outside Nifty500,No,-3.13,249.3,257.35,67083.0,62235.0,107.8,20
LAHOTIOV,Outside Nifty500,No,-3.13,39.28,40.55,13179.0,8485.0,155.3,20
LICI,Midcap150,Yes,-3.12,391.5,404.1,7832073.0,4862667.0,161.1,20
RAMAPHO,Outside Nifty500,No,-3.11,118.86,122.67,19830.0,16294.0,121.7,20
MOM30IETF,Outside Nifty500,No,-3.1,30.33,31.3,739591.0,396026.0,186.8,20
TITAN,Nifty50,Yes,-3.06,4856.0,5009.5,277236.0,269599.0,102.8,20
WAAREERTL,Outside Nifty500,No,-3.05,806.55,831.95,87196.0,43941.0,198.4,20
EMULTIMQ,Outside Nifty500,No,-3.03,40.58,41.85,35019.0,17455.0,200.6,20
INFRA,Outside Nifty500,No,-3.02,11.55,11.91,113585.0,31218.0,363.8,20
KIRLPNU,Outside Nifty500,No,-3.02,698.15,719.9,108168.0,79041.0,136.9,20
REPCOHOME,Outside Nifty500,No,-3.02,348.75,359.6,93703.0,59028.0,158.7,20
DCXINDIA,Outside Nifty500,No,-3.01,161.62,166.63,203429.0,164490.0,123.7,20
DECNGOLD,Outside Nifty500,No,-3.01,222.82,229.73,1056766.0,691510.0,152.8,20
HPL,Outside Nifty500,No,-3.01,283.2,292.0,45728.0,40761.0,112.2,20
LAKSHMIMIL,Outside Nifty500,No,-3.01,7565.0,7800.0,83.0,31.0,267.7,19
ACGL,Outside Nifty500,No,-3.0,1732.1,1785.7,743.0,553.0,134.4,20
CEWATER,Outside Nifty500,No,-3.0,276.15,284.7,76868.0,74386.0,103.3,20
