symbol,index,fno,chg,close,prev_close,volume,avg20v,ratio_pct,n_days_v
TEMPSENS,Outside Nifty500,No,-10.46,523.65,584.8,2634136.0,8800712.0,29.9,13
DHOOTTRANS,Outside Nifty500,No,-10.0,1555.9,1728.7,1966272.0,5459513.0,36.0,20
RPPINFRA,Outside Nifty500,No,-9.31,54.72,60.34,87771.0,194542.0,45.1,20
RADHIKAJWE,Outside Nifty500,No,-9.3,75.47,83.21,1325850.0,4597624.0,28.8,20
DEEPA,Outside Nifty500,No,-9.0,169.14,185.86,3282691.0,15419856.0,21.3,5
PKTEA,Outside Nifty500,No,-8.66,1024.6,1121.75,3649.0,11130.0,32.8,20
NOVARTIND,Outside Nifty500,No,-8.5,2188.0,2391.3,135595.0,242127.0,56.0,20
UTTAMSUGAR,Outside Nifty500,No,-8.29,256.65,279.85,240789.0,552713.0,43.6,20
INDOCO,Outside Nifty500,No,-8.22,241.39,263.02,354504.0,1992973.0,17.8,20
BANG,Outside Nifty500,No,-8.06,32.29,35.12,54164.0,185490.0,29.2,20
MERCANTILE,Outside Nifty500,No,-7.71,22.02,23.86,3578.0,175545.0,2.0,19
MVELECTRO,Outside Nifty500,No,-7.69,777.0,841.7,1768387.0,7359461.0,24.0,20
RRECL,Outside Nifty500,No,-7.55,123.7,133.8,160.0,666.0,24.0,19
GENESYS,Outside Nifty500,No,-7.24,285.51,307.81,945103.0,3019457.0,31.3,20
RESPONIND,Outside Nifty500,No,-7.19,160.82,173.27,957892.0,5168491.0,18.5,20
ANTELOPUS,Outside Nifty500,No,-7.16,1057.8,1139.35,1129576.0,3937242.0,28.7,20
KANPRPLA,Outside Nifty500,No,-7.03,246.0,264.6,24653.0,44723.0,55.1,20
GOACARBON,Outside Nifty500,No,-6.89,384.9,413.4,48024.0,116160.0,41.3,20
SHANKESH,Outside Nifty500,No,-6.86,94.35,101.3,5763565.0,18544798.0,31.1,16
DWARKESH,Outside Nifty500,No,-6.75,41.72,44.74,3030956.0,7610016.0,39.8,20
LEAPIND,Outside Nifty500,No,-6.74,134.61,144.34,3444783.0,7099402.0,48.5,20
ARVEE,Outside Nifty500,No,-6.69,168.6,180.69,5648.0,16593.0,34.0,20
MANINDS,Outside Nifty500,No,-6.69,808.2,866.1,1027095.0,1681127.0,61.1,20
BALUFORGE,Outside Nifty500,No,-6.6,498.2,533.4,876986.0,2445815.0,35.9,20
GAJA,Outside Nifty500,No,-6.59,142.55,152.6,792538.0,6642152.0,11.9,15
HPAL,Outside Nifty500,No,-6.59,35.41,37.91,64781.0,111054.0,58.3,20
NIACL,Midcap150,No,-6.54,185.41,198.39,3487564.0,15145791.0,23.0,20
JINDWORLD,Outside Nifty500,No,-6.51,49.44,52.88,10265488.0,45268239.0,22.7,20
MAKERSL,Outside Nifty500,No,-6.51,173.77,185.87,4843.0,13796.0,35.1,20
ABSLAMC,Smallcap250,No,-6.49,1037.9,1109.9,129497.0,247424.0,52.3,20
IFCI,Smallcap250,No,-6.49,76.95,82.29,81195084.0,140345254.0,57.9,20
YATRA,Outside Nifty500,No,-6.46,107.96,115.42,969513.0,1539341.0,63.0,20
PAUSHAKLTD,Outside Nifty500,No,-6.41,682.8,729.6,35145.0,56232.0,62.5,20
VIRAT,Outside Nifty500,No,-6.32,421.6,450.05,7551.0,16512.0,45.7,20
HCC,Outside Nifty500,No,-6.2,21.32,22.73,20566631.0,43199062.0,47.6,20
GFLLIMITED,Outside Nifty500,No,-6.14,54.69,58.27,88311.0,202994.0,43.5,20
AUGMONT,Outside Nifty500,No,-6.08,832.25,886.15,930427.0,3339720.0,27.9,12
IPRINGLTD,Outside Nifty500,No,-6.07,137.02,145.87,1943.0,8996.0,21.6,20
RISHABH,Outside Nifty500,No,-6.04,779.5,829.6,224609.0,402291.0,55.8,20
RAMBHAJO,Outside Nifty500,No,-5.96,253.22,269.28,537792.0,2944018.0,18.3,20
AGL,Outside Nifty500,No,-5.95,14.23,15.13,2608653.0,6329323.0,41.2,20
PCJEWELLER,Outside Nifty500,No,-5.91,12.89,13.7,356317461.0,600382082.0,59.3,20
KARMAENG,Outside Nifty500,No,-5.9,37.29,39.63,4644.0,7174.0,64.7,20
PRIMO,Outside Nifty500,No,-5.9,22.31,23.71,179451.0,296767.0,60.5,20
INDNIPPON,Outside Nifty500,No,-5.88,1279.0,1358.9,96043.0,267817.0,35.9,20
BAJAJHIND,Outside Nifty500,No,-5.87,19.71,20.94,19892199.0,75412006.0,26.4,20
MOL,Outside Nifty500,No,-5.85,58.86,62.52,828296.0,1790675.0,46.3,20
NITCO,Outside Nifty500,No,-5.84,88.24,93.71,464560.0,1611472.0,28.8,20
IKIO,Outside Nifty500,No,-5.72,211.06,223.87,350513.0,968975.0,36.2,20
GIPCL,Outside Nifty500,No,-5.71,188.31,199.72,638722.0,1007289.0,63.4,20
POKARNA,Outside Nifty500,No,-5.71,758.25,804.15,102781.0,148797.0,69.1,20
TEJASNET,Smallcap250,No,-5.68,521.25,552.65,2713607.0,6851229.0,39.6,20
HIKAL,Outside Nifty500,No,-5.66,212.22,224.95,851825.0,3719257.0,22.9,20
HERITGFOOD,Outside Nifty500,No,-5.64,393.85,417.4,572936.0,1084704.0,52.8,20
SBICARD,Midcap150,Yes,-5.59,618.6,655.2,1751822.0,3469841.0,50.5,20
MANALIPETC,Outside Nifty500,No,-5.58,80.19,84.93,1729990.0,11503041.0,15.0,20
RENUKA,Outside Nifty500,No,-5.55,23.49,24.87,11649203.0,35161800.0,33.1,20
VOLTAMP,Outside Nifty500,No,-5.54,10596.0,11217.0,26149.0,42330.0,61.8,20
IRISDOREME,Outside Nifty500,No,-5.5,58.09,61.47,514737.0,1218400.0,42.2,20
AEPL,Outside Nifty500,No,-5.46,16.27,17.21,53631.0,130679.0,41.0,20
JINDRILL,Outside Nifty500,No,-5.46,598.65,633.25,319605.0,770098.0,41.5,20
JSFB,Outside Nifty500,No,-5.46,488.65,516.85,344324.0,1028719.0,33.5,20
FIBERWEB,Outside Nifty500,No,-5.42,25.63,27.1,17411.0,35149.0,49.5,20
ITDC,Outside Nifty500,No,-5.41,653.45,690.85,186964.0,807988.0,23.1,20
KOTIC,Outside Nifty500,No,-5.38,126.62,133.82,23198.0,64251.0,36.1,20
GRAPHITE,Smallcap250,No,-5.36,781.5,825.8,1871773.0,3680659.0,50.9,20
WOCKPHARMA,Smallcap250,No,-5.29,2064.1,2179.4,851928.0,1257954.0,67.7,20
ATHERENERG,Smallcap250,Yes,-5.28,1568.5,1656.0,3713971.0,5320977.0,69.8,20
SUDARSCHEM,Outside Nifty500,No,-5.21,1183.2,1248.2,176492.0,475935.0,37.1,20
THEMISMED,Outside Nifty500,No,-5.21,121.57,128.25,127347.0,508570.0,25.0,20
PONNIERODE,Outside Nifty500,No,-5.2,351.8,371.1,20410.0,84175.0,24.2,20
URBANCO,Smallcap250,No,-5.2,158.22,166.89,4152047.0,14213612.0,29.2,20
LUMINO,Outside Nifty500,No,-5.19,103.16,108.81,7645621.0,67463762.0,11.3,9
CURAA,Outside Nifty500,No,-5.16,75.5,79.61,419.0,942.0,44.5,20
FISCHER,Outside Nifty500,No,-5.16,34.02,35.87,300708.0,599614.0,50.2,20
GENUSPOWER,Outside Nifty500,No,-5.14,306.5,323.1,1644408.0,3336322.0,49.3,20
PCBL,Smallcap250,No,-5.14,314.05,331.05,962916.0,1554840.0,61.9,20
CORDSCABLE,Outside Nifty500,No,-5.13,354.25,373.4,181308.0,684318.0,26.5,12
HINDOILEXP,Outside Nifty500,No,-5.13,175.72,185.22,844381.0,2937351.0,28.7,20
KWIL,Outside Nifty500,No,-5.13,40.83,43.04,11063147.0,40253699.0,27.5,20
LAMBODHARA,Outside Nifty500,No,-5.12,130.33,137.37,16281.0,89766.0,18.1,20
SHILPAMED,Outside Nifty500,No,-5.12,911.9,961.15,756740.0,1315032.0,57.5,20
VOGL,Outside Nifty500,No,-5.12,34.83,36.71,23297053.0,41460475.0,56.2,20
CROWN,Outside Nifty500,No,-5.08,106.83,112.55,7616.0,15441.0,49.3,20
NSLNISP,Smallcap250,No,-5.06,41.45,43.66,3741526.0,12080129.0,31.0,20
KDGREEN,Outside Nifty500,No,-5.05,46.61,49.09,33359.0,83944.0,39.7,9
UDS,Outside Nifty500,No,-5.04,197.04,207.5,95017.0,482006.0,19.7,20
CLSEL,Outside Nifty500,No,-5.03,281.6,296.5,80059.0,267537.0,29.9,20
DYCL,Outside Nifty500,No,-5.02,432.6,455.45,406393.0,1372142.0,29.6,20
PITTIENG,Outside Nifty500,No,-5.02,1109.3,1167.9,110111.0,237021.0,46.5,20
JOCIL,Outside Nifty500,No,-5.0,142.39,149.89,8184.0,31510.0,26.0,6
MILKYMIST,Outside Nifty500,No,-5.0,278.14,292.77,10778708.0,25025061.0,43.1,20
PVP,Outside Nifty500,No,-5.0,61.58,64.82,853205.0,3685601.0,23.1,20
RHETAN,Outside Nifty500,No,-5.0,22.81,24.01,246294.0,13982224.0,1.8,20
S&SPOWER,Outside Nifty500,No,-5.0,332.85,350.35,2992.0,5999.0,49.9,20
SALSTEEL,Outside Nifty500,No,-5.0,71.07,74.81,351889.0,621377.0,56.6,20
SETL,Outside Nifty500,No,-5.0,444.75,468.15,194608.0,1500268.0,13.0,20
SMLMAH,Outside Nifty500,No,-5.0,6254.0,6583.0,45556.0,132084.0,34.5,20
SUDEEPPHRM,Outside Nifty500,No,-5.0,1142.7,1202.8,124977.0,283663.0,44.1,20
LALITHAA,Outside Nifty500,No,-4.99,321.7,338.6,947094.0,21151778.0,4.5,17
ONIXSOLAR,Outside Nifty500,No,-4.99,416.75,438.65,279187.0,412837.0,67.6,20
RUBYMILLS,Outside Nifty500,No,-4.99,432.4,455.1,13641.0,53257.0,25.6,6
SHANTIGEAR,Outside Nifty500,No,-4.99,679.25,714.95,102653.0,1198324.0,8.6,20
SHREYANIND,Outside Nifty500,No,-4.99,126.17,132.8,4777.0,7490.0,63.8,20
INDOTHAI,Outside Nifty500,No,-4.98,39.12,41.17,690854.0,4866256.0,14.2,20
DIFFNKG,Outside Nifty500,No,-4.95,427.25,449.5,231431.0,813255.0,28.5,20
63MOONS,Outside Nifty500,No,-4.94,864.0,908.9,310775.0,532573.0,58.4,20
ALICON,Outside Nifty500,No,-4.94,697.2,733.4,11860.0,28560.0,41.5,20
DCMSRIND,Outside Nifty500,No,-4.93,38.56,40.56,241420.0,354061.0,68.2,20
MARATHON,Outside Nifty500,No,-4.93,414.0,435.45,56871.0,515931.0,11.0,20
ALKALI,Outside Nifty500,No,-4.92,73.45,77.25,10853.0,123109.0,8.8,6
EIEL,Outside Nifty500,No,-4.92,196.91,207.11,875481.0,1634785.0,53.6,20
SUMEETINDS,Outside Nifty500,No,-4.92,10.24,10.77,1550724.0,2282332.0,67.9,20
ATLASCYCLE,Outside Nifty500,No,-4.9,91.02,95.71,26406.0,72804.0,36.3,20
INDOBORAX,Outside Nifty500,No,-4.9,460.8,484.55,103157.0,605628.0,17.0,20
PERNIASPOP,Outside Nifty500,No,-4.9,542.0,569.9,391989.0,1946290.0,20.1,6
SAMBHAAV,Outside Nifty500,No,-4.87,5.67,5.96,16941.0,35102.0,48.3,20
PRECWIRE,Outside Nifty500,No,-4.86,440.05,462.55,413745.0,1116479.0,37.1,20
STARPAPER,Outside Nifty500,No,-4.85,160.27,168.44,14400.0,24060.0,59.9,20
THOMASCOOK,Outside Nifty500,No,-4.84,103.37,108.63,989497.0,2611294.0,37.9,20
SPAL,Outside Nifty500,No,-4.81,973.8,1023.0,53942.0,114542.0,47.1,20
AVADHSUGAR,Outside Nifty500,No,-4.79,732.7,769.6,195986.0,384129.0,51.0,20
BANKA,Outside Nifty500,No,-4.79,77.86,81.78,2696.0,4443.0,60.7,20
OMAXE,Outside Nifty500,No,-4.79,118.04,123.98,801155.0,7545093.0,10.6,20
SYNCOMF,Outside Nifty500,No,-4.78,18.53,19.46,5369736.0,14376484.0,37.4,20
SAKHTISUG,Outside Nifty500,No,-4.77,18.95,19.9,135785.0,546883.0,24.8,20
BLUSPRING,Outside Nifty500,No,-4.72,125.27,131.48,214823.0,712365.0,30.2,20
SMCGLOBAL,Outside Nifty500,No,-4.72,81.94,86.0,1251208.0,2760297.0,45.3,20
SYMBIOTEC,Outside Nifty500,No,-4.71,1080.1,1133.45,1313080.0,5003212.0,26.2,11
PENIND,Outside Nifty500,No,-4.69,167.3,175.54,338236.0,547573.0,61.8,20
CINELINE,Outside Nifty500,No,-4.67,91.81,96.31,12901.0,67084.0,19.2,20
MARSONS,Outside Nifty500,No,-4.67,121.3,127.24,2630119.0,4563506.0,57.6,20
PREMIERPOL,Outside Nifty500,No,-4.67,81.9,85.91,359684.0,617698.0,58.2,20
TREL,Outside Nifty500,No,-4.67,25.71,26.97,82719.0,125371.0,66.0,20
INDOSTAR,Outside Nifty500,No,-4.63,233.07,244.38,94427.0,146621.0,64.4,20
JGCHEM,Outside Nifty500,No,-4.63,564.65,592.05,249766.0,603557.0,41.4,20
STEELCITY,Outside Nifty500,No,-4.63,86.12,90.3,17883.0,26496.0,67.5,20
TCPLPACK,Outside Nifty500,No,-4.62,3692.1,3871.0,5613.0,9108.0,61.6,20
ALLCARGO,Outside Nifty500,No,-4.61,11.6,12.16,11548427.0,30470986.0,37.9,20
ARKADE,Outside Nifty500,No,-4.6,116.42,122.03,194033.0,306938.0,63.2,20
SAHLIBHFI,Outside Nifty500,No,-4.6,77.91,81.67,41398.0,144974.0,28.6,20
SHIPROCKET,Outside Nifty500,No,-4.6,127.82,133.99,2797182.0,31586557.0,8.9,20
DALMIASUG,Outside Nifty500,No,-4.59,398.2,417.35,191352.0,554564.0,34.5,20
GRWRHITECH,Outside Nifty500,No,-4.59,6603.5,6921.5,31955.0,60863.0,52.5,20
AVALON,Outside Nifty500,No,-4.58,2160.7,2264.5,355969.0,519423.0,68.5,20
JMA,Outside Nifty500,No,-4.57,88.96,93.22,15451.0,31463.0,49.1,20
HARSHA,Outside Nifty500,No,-4.56,424.7,445.0,103103.0,161013.0,64.0,20
SHAH,Outside Nifty500,No,-4.56,3.35,3.51,1406837.0,11452981.0,12.3,20
MALUPAPER,Outside Nifty500,No,-4.55,32.96,34.53,11021.0,30755.0,35.8,20
MARKOLINES,Outside Nifty500,No,-4.55,163.08,170.86,166974.0,244076.0,68.4,20
DJML,Outside Nifty500,No,-4.53,78.66,82.39,92791.0,399838.0,23.2,20
SAYAJIIND,Outside Nifty500,No,-4.53,113.51,118.9,312.0,1367.0,22.8,20
WHEELS,Outside Nifty500,No,-4.53,2129.1,2230.1,383920.0,831113.0,46.2,20
GODREJAGRO,Outside Nifty500,No,-4.52,645.3,675.85,210484.0,1069515.0,19.7,20
NIBE,Outside Nifty500,No,-4.52,1224.4,1282.4,39048.0,57690.0,67.7,20
3BBLACKBIO,Outside Nifty500,No,-4.51,1355.8,1419.9,10026.0,23436.0,42.8,20
SHIVAAGRO,Outside Nifty500,No,-4.51,37.9,39.69,1547.0,5361.0,28.9,20
RAMCOSYS,Outside Nifty500,No,-4.5,567.8,594.55,46824.0,128700.0,36.4,20
AUTOIND,Outside Nifty500,No,-4.49,79.11,82.83,129975.0,314654.0,41.3,17
OPTIFIN,Outside Nifty500,No,-4.48,13.85,14.5,28858.0,91144.0,31.7,20
VINCOFE,Outside Nifty500,No,-4.48,166.54,174.35,2128186.0,3676844.0,57.9,20
BLKASHYAP,Outside Nifty500,No,-4.47,51.5,53.91,679073.0,1082989.0,62.7,20
AYMSYNTEX,Outside Nifty500,No,-4.46,269.1,281.65,73158.0,205986.0,35.5,20
DBOL,Outside Nifty500,No,-4.46,113.26,118.55,264141.0,389410.0,67.8,20
HUBTOWN,Outside Nifty500,No,-4.43,173.18,181.21,309472.0,627906.0,49.3,20
SRM,Outside Nifty500,No,-4.43,419.9,439.35,63636.0,95684.0,66.5,20
DREDGECORP,Outside Nifty500,No,-4.4,994.0,1039.7,75067.0,112973.0,66.4,20
KERNEX,Outside Nifty500,No,-4.38,1656.3,1732.1,124877.0,302316.0,41.3,20
WEL,Outside Nifty500,No,-4.37,69.18,72.34,697448.0,9125293.0,7.6,20
VISHNU,Outside Nifty500,No,-4.36,682.8,713.95,102967.0,193145.0,53.3,20
HINDCOPPER,Smallcap250,No,-4.35,492.1,514.5,6982438.0,14513776.0,48.1,20
MAGADSUGAR,Outside Nifty500,No,-4.35,520.15,543.8,18117.0,66857.0,27.1,20
SARDAEN,Smallcap250,No,-4.35,501.35,524.15,380876.0,611866.0,62.2,20
CENTUM,Outside Nifty500,No,-4.33,4010.6,4192.0,42588.0,94724.0,45.0,20
JAIBALAJI,Outside Nifty500,No,-4.33,62.25,65.07,672658.0,976953.0,68.9,20
RELTD,Outside Nifty500,No,-4.33,148.9,155.64,106567.0,167238.0,63.7,20
CNL,Outside Nifty500,No,-4.32,1068.6,1116.9,20384.0,35264.0,57.8,20
KMSUGAR,Outside Nifty500,No,-4.31,29.1,30.41,227201.0,544327.0,41.7,20
LOKESHMACH,Outside Nifty500,No,-4.31,332.2,347.15,24268.0,86307.0,28.1,12
JSL,Midcap150,No,-4.3,723.55,756.1,547512.0,943965.0,58.0,20
KLBRENG-B,Outside Nifty500,No,-4.3,466.0,486.95,216254.0,488219.0,44.3,20
ALPINETEX,Outside Nifty500,No,-4.29,54.68,57.13,94673.0,287930.0,32.9,20
SUPREMEINF,Outside Nifty500,No,-4.28,81.4,85.04,33793.0,61448.0,55.0,20
VISACHROME,Outside Nifty500,No,-4.28,33.53,35.03,10883.0,243592.0,4.5,20
DHAMPURSUG,Outside Nifty500,No,-4.27,156.61,163.59,529298.0,1644634.0,32.2,20
PERMAGN,Outside Nifty500,No,-4.27,827.7,864.65,2721.0,6302.0,43.2,20
RATNAMANI,Outside Nifty500,No,-4.27,2691.4,2811.4,55253.0,163425.0,33.8,20
ZSARACOM,Outside Nifty500,No,-4.26,10337.0,10797.0,43.0,75.0,57.3,20
BIL,Outside Nifty500,No,-4.24,1027.55,1073.0,12076.0,28951.0,41.7,20
JUBLINGREA,Smallcap250,No,-4.24,630.5,658.4,165058.0,276213.0,59.8,20
PARADEEP,Smallcap250,No,-4.24,149.34,155.96,2126737.0,6507322.0,32.7,20
REPRO,Outside Nifty500,No,-4.23,296.4,309.5,9288.0,21410.0,43.4,20
MALLCOM,Outside Nifty500,No,-4.22,911.95,952.15,3685.0,5299.0,69.5,20
ZENITHEXPO,Outside Nifty500,No,-4.22,196.35,205.0,238.0,346.0,68.8,17
INDIANHUME,Outside Nifty500,No,-4.21,354.0,369.55,31542.0,56224.0,56.1,20
KAPSTON,Outside Nifty500,No,-4.21,563.45,588.2,45325.0,72265.0,62.7,20
SIGNPOST,Outside Nifty500,No,-4.2,264.65,276.25,57010.0,307292.0,18.6,20
WAKEFIT,Outside Nifty500,No,-4.2,148.61,155.13,422271.0,1297543.0,32.5,20
NAHARSPING,Outside Nifty500,No,-4.19,261.65,273.1,17043.0,39677.0,43.0,20
SIKA,Outside Nifty500,No,-4.19,1040.05,1085.55,46605.0,90777.0,51.3,20
INDOMIM,Outside Nifty500,No,-4.18,975.65,1018.2,1440023.0,2528691.0,56.9,20
MAWANASUG,Outside Nifty500,No,-4.18,129.0,134.63,195212.0,630123.0,31.0,20
ODYCORP,Outside Nifty500,No,-4.18,6.88,7.18,17867.0,93991.0,19.0,20
KREBSBIO,Outside Nifty500,No,-4.17,56.27,58.72,7980.0,15939.0,50.1,20
RICOAUTO,Outside Nifty500,No,-4.17,128.58,134.17,643528.0,988459.0,65.1,20
BEML,Smallcap250,No,-4.16,1939.3,2023.4,234307.0,463261.0,50.6,20
VIYASH,Outside Nifty500,No,-4.15,246.9,257.6,3290032.0,9730742.0,33.8,20
MANAKSIA,Outside Nifty500,No,-4.14,68.01,70.95,62854.0,119280.0,52.7,20
TREJHARA,Outside Nifty500,No,-4.14,137.1,143.02,7177.0,19718.0,36.4,20
BRIGADE,Smallcap250,No,-4.13,612.25,638.65,201825.0,933267.0,21.6,20
VIDHIING,Outside Nifty500,No,-4.13,320.65,334.45,23677.0,44858.0,52.8,20
KOHINOOR,Outside Nifty500,No,-4.12,29.58,30.85,72803.0,392966.0,18.5,20
HESTERBIO,Outside Nifty500,No,-4.11,2171.8,2264.9,4443.0,13094.0,33.9,20
CGCL,Smallcap250,No,-4.1,255.1,266.0,2889142.0,7964662.0,36.3,20
COFFEEDAY,Outside Nifty500,No,-4.1,30.37,31.67,693779.0,1301980.0,53.3,6
DCW,Outside Nifty500,No,-4.1,44.72,46.63,962522.0,1812269.0,53.1,20
5PAISA,Outside Nifty500,No,-4.09,313.2,326.55,40835.0,82372.0,49.6,20
ORIRAIL,Outside Nifty500,No,-4.09,119.03,124.11,99410.0,300946.0,33.0,20
JSWENERGY,Midcap150,Yes,-4.07,505.0,526.45,897315.0,2029068.0,44.2,20
SKYWAYS,Outside Nifty500,No,-4.07,111.29,116.01,1875473.0,12159218.0,15.4,11
SILINV,Outside Nifty500,No,-4.06,444.95,463.8,1485.0,2990.0,49.7,20
ZAGGLE,Outside Nifty500,No,-4.06,179.41,187.0,1178475.0,4945236.0,23.8,20
PDSL,Outside Nifty500,No,-4.01,334.25,348.2,70697.0,123269.0,57.4,20
IGPL,Outside Nifty500,No,-3.99,525.25,547.05,69170.0,127445.0,54.3,20
SARVESHWAR,Outside Nifty500,No,-3.99,3.85,4.01,1905933.0,3070506.0,62.1,20
DENTA,Outside Nifty500,No,-3.98,276.3,287.75,83817.0,121798.0,68.8,20
SHANTIGOLD,Outside Nifty500,No,-3.98,247.89,258.17,888493.0,2387330.0,37.2,20
OAL,Outside Nifty500,No,-3.97,510.95,532.1,101439.0,162077.0,62.6,20
SHAKTIPUMP,Outside Nifty500,No,-3.97,474.2,493.8,609362.0,1086927.0,56.1,20
BROOKS,Outside Nifty500,No,-3.96,63.09,65.69,26350.0,55796.0,47.2,6
DLINKINDIA,Outside Nifty500,No,-3.96,417.05,434.25,110182.0,210814.0,52.3,20
SAREGAMA,Smallcap250,No,-3.96,485.5,505.5,194289.0,443718.0,43.8,20
GMRP&UI,Outside Nifty500,No,-3.95,90.35,94.07,813767.0,1741593.0,46.7,20
INDOFARM,Outside Nifty500,No,-3.95,136.07,141.66,72050.0,217315.0,33.2,20
PWL,Smallcap250,No,-3.95,130.72,136.1,7983867.0,19165601.0,41.7,20
VOEPL,Outside Nifty500,No,-3.95,495.0,515.35,79658.0,235540.0,33.8,20
BAJAJHCARE,Outside Nifty500,No,-3.94,320.9,334.05,95072.0,138937.0,68.4,20
RML,Outside Nifty500,No,-3.93,1306.5,1360.0,36201.0,314684.0,11.5,20
HGM,Outside Nifty500,No,-3.92,46.77,48.68,5577.0,11283.0,49.4,20
SKMEGGPROD,Outside Nifty500,No,-3.9,231.9,241.3,116381.0,261926.0,44.4,20
SOTL,Outside Nifty500,No,-3.9,688.3,716.25,243431.0,1209663.0,20.1,20
LTFOODS,Smallcap250,No,-3.89,421.05,438.1,376661.0,2771189.0,13.6,20
CUMMINSIND,NiftyNext50,Yes,-3.87,4874.0,5070.0,304824.0,459951.0,66.3,20
DOLLAR,Outside Nifty500,No,-3.87,262.95,273.55,46906.0,76202.0,61.6,20
MARALOVER,Outside Nifty500,No,-3.86,60.0,62.41,15938.0,60316.0,26.4,20
ARIS,Outside Nifty500,No,-3.85,120.63,125.46,1323454.0,2119766.0,62.4,20
NDL,Outside Nifty500,No,-3.85,2.75,2.86,1065293.0,2544293.0,41.9,20
BONLON,Outside Nifty500,No,-3.84,38.56,40.1,6018.0,15692.0,38.4,20
SGMART,Outside Nifty500,No,-3.84,722.1,750.95,198309.0,318062.0,62.3,20
STEELCAS,Outside Nifty500,No,-3.84,312.75,325.25,49977.0,86282.0,57.9,20
SBFC,Smallcap250,No,-3.83,94.43,98.19,630989.0,2987120.0,21.1,20
UNICHEMLAB,Outside Nifty500,No,-3.83,519.05,539.7,57806.0,156499.0,36.9,20
DBEIL,Outside Nifty500,No,-3.82,6.79,7.06,205425.0,779233.0,26.4,6
BSHSL,Outside Nifty500,No,-3.81,85.42,88.8,3443.0,8686.0,39.6,20
MAHSEAMLES,Outside Nifty500,No,-3.81,701.1,728.9,328878.0,575910.0,57.1,20
MAITHANALL,Outside Nifty500,No,-3.81,1006.05,1045.85,80106.0,165912.0,48.3,20
OSWALAGRO,Outside Nifty500,No,-3.79,34.25,35.6,16012.0,35672.0,44.9,20
SSDL,Outside Nifty500,No,-3.79,60.22,62.59,41431.0,87497.0,47.4,20
BFUTILITIE,Outside Nifty500,No,-3.77,528.2,548.9,40177.0,329475.0,12.2,20
COHANCE,Smallcap250,No,-3.77,423.6,440.2,383863.0,1143712.0,33.6,20
EMKAY,Outside Nifty500,No,-3.77,241.45,250.9,26566.0,38513.0,69.0,20
MINDACORP,Smallcap250,No,-3.76,678.95,705.45,184069.0,274195.0,67.1,20
MANGLMCEM,Outside Nifty500,No,-3.75,989.4,1028.0,49675.0,297709.0,16.7,20
REDINGTON,Smallcap250,No,-3.75,378.95,393.7,4338609.0,7082186.0,61.3,20
HORIZONIND,Outside Nifty500,No,-3.74,53.59,55.67,3996553.0,10823655.0,36.9,17
TIIL,Outside Nifty500,No,-3.74,3128.6,3250.2,24762.0,41975.0,59.0,20
ASTEC,Outside Nifty500,No,-3.73,673.7,699.8,47020.0,394320.0,11.9,20
STYRENIX,Outside Nifty500,No,-3.73,2034.2,2113.1,22209.0,39446.0,56.3,20
TURTLEMINT,Outside Nifty500,No,-3.73,131.04,136.12,357604.0,1158184.0,30.9,20
WELSPLSOL,Outside Nifty500,No,-3.72,53.52,55.59,746478.0,1721538.0,43.4,20
MEDICO,Outside Nifty500,No,-3.7,35.68,37.05,163751.0,465530.0,35.2,20
NEAGI,Outside Nifty500,No,-3.7,3308.0,3435.0,10.0,38.0,26.3,18
NARMADA,Outside Nifty500,No,-3.69,13.85,14.38,188355.0,565520.0,33.3,20
SGLRES,Outside Nifty500,No,-3.69,2.35,2.44,31022.0,46780.0,66.3,20
KOLTEPATIL,Outside Nifty500,No,-3.67,420.8,436.85,69335.0,172330.0,40.2,20
ALEMBICLTD,Outside Nifty500,No,-3.66,100.51,104.33,840743.0,3142734.0,26.8,20
CHALET,Smallcap250,No,-3.66,845.15,877.25,51795.0,236446.0,21.9,20
TARIL,Smallcap250,No,-3.66,277.95,288.5,1167264.0,1817763.0,64.2,20
THELEELA,Smallcap250,No,-3.66,522.45,542.3,189584.0,628749.0,30.2,20
TTKHLTCARE,Outside Nifty500,No,-3.66,1074.6,1115.4,33869.0,54589.0,62.0,20
BRAHMINFRA,Outside Nifty500,No,-3.65,151.6,157.35,7774.0,19295.0,40.3,20
TITAGARH,Smallcap250,No,-3.65,811.45,842.15,476266.0,761863.0,62.5,20
CHEMPLASTS,Outside Nifty500,No,-3.64,165.12,171.35,241434.0,1154186.0,20.9,20
HITECH,Outside Nifty500,No,-3.64,73.61,76.39,553825.0,949984.0,58.3,20
ICIL,Outside Nifty500,No,-3.64,427.1,443.25,281524.0,865608.0,32.5,20
TARC,Outside Nifty500,No,-3.64,126.61,131.39,473899.0,677844.0,69.9,20
IMAGICAA,Outside Nifty500,No,-3.63,50.43,52.33,686219.0,3370480.0,20.4,20
LANDMARK,Outside Nifty500,No,-3.61,470.35,487.95,61400.0,88930.0,69.0,20
RELIGARE,Outside Nifty500,No,-3.61,247.55,256.81,584107.0,1366511.0,42.7,20
MOLDTKPAC,Outside Nifty500,No,-3.6,652.1,676.45,53186.0,83362.0,63.8,20
TVSSRICHAK,Outside Nifty500,No,-3.6,4960.5,5146.0,5607.0,37257.0,15.0,20
NORTHARC,Outside Nifty500,No,-3.57,294.2,305.1,1045895.0,2768630.0,37.8,20
GOKULAGRO,Outside Nifty500,No,-3.56,218.69,226.76,250526.0,774622.0,32.3,20
BOROLTD,Outside Nifty500,No,-3.55,248.33,257.48,135344.0,1311161.0,10.3,20
SPLPETRO,Smallcap250,No,-3.54,789.35,818.35,170064.0,408301.0,41.7,20
UNIPARTS,Outside Nifty500,No,-3.54,865.7,897.45,115818.0,193841.0,59.7,20
KNRCON,Outside Nifty500,No,-3.53,121.22,125.66,956758.0,1841198.0,52.0,20
NAGREEKEXP,Outside Nifty500,No,-3.53,21.61,22.4,18145.0,80795.0,22.5,20
LMW,Outside Nifty500,No,-3.52,17103.0,17727.0,2531.0,5359.0,47.2,20
ALLTIME,Outside Nifty500,No,-3.51,213.38,221.15,111414.0,170442.0,65.4,20
JAINREC,Smallcap250,No,-3.51,274.7,284.7,694511.0,1247803.0,55.7,20
POWERMECH,Outside Nifty500,No,-3.51,2336.4,2421.3,39034.0,59376.0,65.7,20
GUJRAFFIA,Outside Nifty500,No,-3.5,40.26,41.72,607.0,2124.0,28.6,20
TRIVENI,Outside Nifty500,No,-3.5,246.45,255.4,661461.0,1191068.0,55.5,20
JASH,Outside Nifty500,No,-3.49,496.1,514.05,94635.0,140625.0,67.3,20
UNOMINDA,Midcap150,Yes,-3.49,1159.7,1201.6,417139.0,656860.0,63.5,20
BHARATFORG,Midcap150,Yes,-3.48,1877.2,1944.9,293090.0,966102.0,30.3,20
MOTILALOFS,Midcap150,Yes,-3.48,990.8,1026.5,581522.0,999114.0,58.2,20
NAZARA,Outside Nifty500,No,-3.48,357.4,370.3,1012532.0,1813161.0,55.8,20
AZADIND,Outside Nifty500,No,-3.47,84.11,87.13,13007.0,32518.0,40.0,20
ADOR,Outside Nifty500,No,-3.46,1548.2,1603.7,31262.0,63912.0,48.9,20
MOSCHIP,Outside Nifty500,No,-3.46,203.02,210.29,1146326.0,2147415.0,53.4,20
BAJAJINDEF,Outside Nifty500,No,-3.45,220.69,228.57,10651.0,27760.0,38.4,20
DCMNVL,Outside Nifty500,No,-3.45,172.6,178.77,11960.0,23652.0,50.6,20
EPIGRAL,Outside Nifty500,No,-3.44,1092.2,1131.1,49513.0,77012.0,64.3,20
TECILCHEM,Outside Nifty500,No,-3.44,9.27,9.6,13722.0,44297.0,31.0,20
SOMATEX,Outside Nifty500,No,-3.43,81.62,84.52,4172.0,14929.0,27.9,20
AGI,Outside Nifty500,No,-3.41,736.65,762.65,91711.0,213016.0,43.1,20
VITAL,Outside Nifty500,No,-3.4,53.76,55.65,6752.0,17364.0,38.9,12
DALBHARAT,Midcap150,No,-3.39,1687.4,1746.6,56698.0,280219.0,20.2,20
VTL,Smallcap250,No,-3.39,547.0,566.2,162882.0,1560213.0,10.4,20
ATL,Outside Nifty500,No,-3.38,24.33,25.18,162315.0,328919.0,49.3,20
MANAKCOAT,Outside Nifty500,No,-3.38,124.19,128.53,148602.0,465149.0,31.9,20
EMAMIREAL,Outside Nifty500,No,-3.37,67.45,69.8,5992.0,15970.0,37.5,20
ESSARSHPNG,Outside Nifty500,No,-3.37,15.76,16.31,184779.0,280067.0,66.0,20
SFL,Outside Nifty500,No,-3.37,668.25,691.55,159797.0,284034.0,56.3,20
GNA,Outside Nifty500,No,-3.36,532.6,551.1,183815.0,273787.0,67.1,20
INDBANK,Outside Nifty500,No,-3.36,26.71,27.64,37094.0,90573.0,41.0,20
NELCAST,Outside Nifty500,No,-3.36,104.91,108.56,50573.0,121704.0,41.6,20
GKENERGY,Outside Nifty500,No,-3.35,123.57,127.85,220707.0,640657.0,34.5,20
SAIL,Midcap150,Yes,-3.35,173.0,179.0,10217048.0,25466741.0,40.1,20
TEGA,Smallcap250,No,-3.35,1671.1,1729.1,138967.0,327125.0,42.5,20
MANORAMA,Outside Nifty500,No,-3.34,1987.1,2055.7,151439.0,322234.0,47.0,20
FMGOETZE,Outside Nifty500,No,-3.33,445.65,461.0,274593.0,3946915.0,7.0,20
MOREALTY,Outside Nifty500,No,-3.33,82.37,85.21,790268.0,1321913.0,59.8,20
PVSL,Outside Nifty500,No,-3.33,97.93,101.3,12722.0,32888.0,38.7,20
BOMDYEING,Outside Nifty500,No,-3.32,107.58,111.27,754544.0,1101169.0,68.5,20
CIFL,Outside Nifty500,No,-3.32,19.53,20.2,23450.0,161936.0,14.5,20
HNDFDS,Outside Nifty500,No,-3.32,598.15,618.7,67519.0,113585.0,59.4,20
PFS,Outside Nifty500,No,-3.32,26.51,27.42,303757.0,476626.0,63.7,20
SESHAPAPER,Outside Nifty500,No,-3.32,242.8,251.14,43579.0,65920.0,66.1,20
ADVANCE,Outside Nifty500,No,-3.31,113.95,117.85,66283.0,157771.0,42.0,20
HPIL,Outside Nifty500,No,-3.31,119.77,123.87,353.0,2903.0,12.2,20
HERANBA,Outside Nifty500,No,-3.28,165.95,171.58,25094.0,63861.0,39.3,20
GENCON,Outside Nifty500,No,-3.27,39.67,41.01,240268.0,390744.0,61.5,20
IIFL,Smallcap250,No,-3.26,581.05,600.6,2152091.0,3657186.0,58.8,20
RIR,Outside Nifty500,No,-3.25,171.5,177.26,512746.0,938142.0,54.7,20
CARRARO,Outside Nifty500,No,-3.24,521.0,538.45,95342.0,137475.0,69.4,20
ACI,Outside Nifty500,No,-3.23,455.25,470.45,295921.0,520982.0,56.8,20
KDDL,Outside Nifty500,No,-3.23,3756.5,3881.9,23873.0,51863.0,46.0,20
NAHARINDUS,Outside Nifty500,No,-3.23,127.37,131.62,15027.0,77246.0,19.5,20
AGIIL,Outside Nifty500,No,-3.22,264.15,272.95,382898.0,1147085.0,33.4,20
GARUDA,Outside Nifty500,No,-3.22,176.05,181.9,384253.0,1136236.0,33.8,20
KAYNES,Smallcap250,Yes,-3.22,3392.0,3505.0,689922.0,1106338.0,62.4,20
FACT,Smallcap250,No,-3.21,754.55,779.6,118792.0,1954021.0,6.1,20
GICRE,Midcap150,No,-3.21,338.2,349.4,370114.0,1443909.0,25.6,20
SYMPHONY,Outside Nifty500,No,-3.2,573.7,592.65,81544.0,311452.0,26.2,20
FEDFINA,Outside Nifty500,No,-3.17,153.51,158.53,598566.0,884403.0,67.7,20
LCL,Outside Nifty500,No,-3.17,535.5,553.05,297525.0,715250.0,41.6,20
20MICRONS,Outside Nifty500,No,-3.16,201.29,207.86,111270.0,235908.0,47.2,20
FOODSIN,Outside Nifty500,No,-3.15,53.49,55.23,50438.0,94720.0,53.2,20
NITIRAJ,Outside Nifty500,No,-3.15,225.91,233.25,4441.0,7510.0,59.1,20
SKIPPER,Outside Nifty500,No,-3.15,534.15,551.55,1092523.0,2263524.0,48.3,20
INDIACEM,Smallcap250,No,-3.14,336.0,346.9,61327.0,89365.0,68.6,20
MASKINVEST,Outside Nifty500,No,-3.14,140.8,145.36,190.0,305.0,62.3,19
COMSYN,Outside Nifty500,No,-3.13,289.8,299.15,208274.0,361691.0,57.6,20
GOPAL,Outside Nifty500,No,-3.13,249.3,257.35,99187.0,172557.0,57.5,20
CONCOR,Midcap150,Yes,-3.11,483.7,499.25,566088.0,1169563.0,48.4,20
RAMRAT,Outside Nifty500,No,-3.11,515.85,532.4,217043.0,519534.0,41.8,20
RITCO,Outside Nifty500,No,-3.11,291.35,300.7,60571.0,102793.0,58.9,20
RUCHIRA,Outside Nifty500,No,-3.11,105.44,108.83,37224.0,59283.0,62.8,20
STYLEBAAZA,Outside Nifty500,No,-3.1,376.05,388.1,431277.0,1508193.0,28.6,20
CENTRUM,Outside Nifty500,No,-3.09,21.65,22.34,128168.0,233018.0,55.0,20
VERANDA,Outside Nifty500,No,-3.09,218.28,225.24,149157.0,804894.0,18.5,20
ELECTCAST,Outside Nifty500,No,-3.08,75.23,77.62,1365788.0,2650170.0,51.5,20
METROGLOBL,Outside Nifty500,No,-3.08,134.31,138.58,893.0,2335.0,38.2,20
IONEXCHANG,Outside Nifty500,No,-3.07,432.0,445.7,401926.0,728267.0,55.2,20
PURVA,Outside Nifty500,No,-3.07,205.56,212.06,188428.0,1958919.0,9.6,20
ADFFOODS,Outside Nifty500,No,-3.06,261.3,269.55,65591.0,117125.0,56.0,20
ENEXT50,Outside Nifty500,No,-3.06,70.0,72.21,952.0,2368.0,40.2,20
MADHAV,Outside Nifty500,No,-3.06,35.18,36.29,1158.0,3683.0,31.4,20
MODIS,Outside Nifty500,No,-3.04,354.4,365.5,14475.0,67286.0,21.5,20
BANARISUG,Outside Nifty500,No,-3.03,3411.1,3517.6,1035.0,7511.0,13.8,20
CPL,Outside Nifty500,No,-3.03,62.83,64.79,22223.0,136533.0,16.3,20
JAGSNPHARM,Outside Nifty500,No,-3.03,225.83,232.89,57007.0,94576.0,60.3,20
KIRANVYPAR,Outside Nifty500,No,-3.03,200.75,207.02,3176.0,4872.0,65.2,20
DONEAR,Outside Nifty500,No,-3.02,82.46,85.03,15977.0,30407.0,52.5,20
VIPIND,Outside Nifty500,No,-3.02,291.05,300.1,220240.0,403405.0,54.6,20
MOTISONS,Outside Nifty500,No,-3.01,15.47,15.95,9434969.0,46279540.0,20.4,20
